<?xml version="1.0" encoding="UTF-8"?><teiCorpus xmlns="http://www.tei-c.org/ns/1.0" xml:lang="ta">
  <teiHeader>
<listWit><witness xml:id="KKms" source="KKms.xml"><abbr type="siglum">KKms</abbr><expan>KKms</expan><listWit><witness xml:id="KKmsac" n="ac"><abbr type="siglum">KKmsac</abbr><expan>KKms [ante correctionem]</expan></witness><witness xml:id="KKmspc" n="pc"><abbr type="siglum">KKmspc</abbr><expan>KKms [post correctionem]</expan></witness></listWit></witness><witness xml:id="KKed" source="KKprint.xml"><abbr type="siglum">KKed</abbr><expan>KKprint</expan><listWit><witness xml:id="KKedac" n="ac"><abbr type="siglum">KKedac</abbr><expan>KKprint [ante correctionem]</expan></witness><witness xml:id="KKedpc" n="pc"><abbr type="siglum">KKedpc</abbr><expan>KKprint [post correctionem]</expan></witness></listWit></witness><witness xml:id="KT2" source="KT2.xml"><abbr type="siglum">KT2</abbr><expan><title xmlns="http://www.tei-c.org/ns/1.0" xml:lang="ta">Kuṟuntokai</title> 2. <persName xmlns="http://www.tei-c.org/ns/1.0" xml:lang="ta">Iṟaiyaṉār</persName>: <i xmlns="http://www.tei-c.org/ns/1.0">HE</i></expan><listWit><witness xml:id="KT2-C2" select="#C2"><abbr type="siglum">KT2-C2</abbr><expan><title xmlns="http://www.tei-c.org/ns/1.0" xml:lang="ta">Kuṟuntokai</title> 2. <persName xmlns="http://www.tei-c.org/ns/1.0" xml:lang="ta">Iṟaiyaṉār</persName>: <i xmlns="http://www.tei-c.org/ns/1.0">HE</i> [witness C2]</expan></witness></listWit></witness><witness xml:id="KT40" source="KT40.xml"><abbr type="siglum">KT40</abbr><expan><title xmlns="http://www.tei-c.org/ns/1.0" xml:lang="ta">Kuṟuntokai</title> 40. <persName xmlns="http://www.tei-c.org/ns/1.0" xml:lang="ta">Cempulappeyaṉīrār</persName>: <i xmlns="http://www.tei-c.org/ns/1.0">HE / SHE</i></expan></witness><witness xml:id="NAed" source="NAprint.xml"><abbr type="siglum">NAed</abbr><expan>NAprint</expan></witness><witness xml:id="TNV1937" source="TNV_1937.xml"><abbr type="siglum">TNV1937</abbr><expan>TNV 1937</expan></witness><witness xml:id="TNV1947" source="TNV1947.xml"><abbr type="siglum">TNV1947</abbr><expan>TNV print</expan><listWit><witness xml:id="TNV1947ac" n="ac"><abbr type="siglum">TNV1947ac</abbr><expan>TNV print [ante correctionem]</expan></witness><witness xml:id="TNV1947pc" n="pc"><abbr type="siglum">TNV1947pc</abbr><expan>TNV print [post correctionem]</expan></witness></listWit></witness><witness xml:id="TKn" source="TolNa.xml"><abbr type="siglum">TKn</abbr><expan>Tolkāppiyam Nacci</expan></witness><witness xml:id="TKp" source="TolPe.xml"><abbr type="siglum">TKp</abbr><expan>Tolkāppiyam Pēr</expan></witness><witness xml:id="TNVc" source="UVSL_48032.xml"><abbr type="siglum">TNVc</abbr><expan>Tamiḻneṟi Viḷakkam Paper</expan><listWit><witness xml:id="TNVcac" n="ac"><abbr type="siglum">TNVcac</abbr><expan>Tamiḻneṟi Viḷakkam Paper [ante correctionem]</expan></witness><witness xml:id="TNVcpc" n="pc"><abbr type="siglum">TNVcpc</abbr><expan>Tamiḻneṟi Viḷakkam Paper [post correctionem]</expan></witness></listWit></witness><witness xml:id="TNVms" source="UVSLMS000950.xml"><abbr type="siglum">TNVms</abbr><expan>Tamiḻneṟi Viḷakkam</expan><listWit><witness xml:id="TNVmsac" n="ac"><abbr type="siglum">TNVmsac</abbr><expan>Tamiḻneṟi Viḷakkam [ante correctionem]</expan></witness><witness xml:id="TNVmspc" n="pc"><abbr type="siglum">TNVmspc</abbr><expan>Tamiḻneṟi Viḷakkam [post correctionem]</expan></witness></listWit></witness><witness xml:id="YV1960a" source="YV1960.xml"><abbr type="siglum">YV1960a</abbr><expan>YV1960</expan></witness><witness xml:id="YV1960b" source="YV1960.xml"><abbr type="siglum">YV1960b</abbr><expan>YV1960</expan></witness><witness xml:id="Ed" source="TNV15ed.xml"><abbr type="siglum">Ed</abbr><expan><title xmlns="http://www.tei-c.org/ns/1.0" xml:lang="ta">Tamiḻneṟi Viḷakkam</title> 15.</expan></witness></listWit>
    <encodingDesc>
      <editorialDecl>
        <normalization method="markup">
<ab>ignore punctuation</ab>
<ab>ignore long/short e</ab>
<ab>ignore long/short o</ab>
<ab>insert glide after back vowels</ab>
<ab>insert glide after front vowels</ab>
<ab>final -m sandhi variants</ab>
<ab>ignore puḷḷi</ab>
<ab>remove spaces</ab>
        </normalization>
        <ab type="tagfilters">
<tag subtype="ignore">pc</tag>
<tag subtype="ignore">abbr</tag>
<tag subtype="ignore">corr</tag>
<tag subtype="ignore">ex</tag>
<tag subtype="ignore">head</tag>
<tag subtype="ignore">label</tag>
<tag subtype="ignore">note</tag>
<tag subtype="ignore">num</tag>
<tag subtype="ignore">locus</tag>
<tag subtype="ignore">metamark</tag>
<tag subtype="ignore">supplied</tag>
<tag subtype="ignore">surplus</tag>
        </ab>
      </editorialDecl>
    </encodingDesc>
    <xenoData>
      <stemma format="nexml" id="stemma0"><nex:nexml xmlns:nex="http://www.nexml.org/2009" version="0.9"><nex:otus id="otus1"><nex:otu id="otu0" label="Ed"/><nex:otu id="otu1" label="TNV1937"/><nex:otu id="otu2" label="TNV1947"/><nex:otu id="otu3" label="KT40"/><nex:otu id="otu4" label="TNVcpc"/><nex:otu id="otu5" label="TNVms"/><nex:otu id="otu6" label="TNVcac"/></nex:otus><nex:trees otus="otus1" id="trees1"><nex:tree xmlns:xsi="http://www.w3.org/2001/XMLSchema-instance" id="guidetree" label="guidetree" xsi:type="nex:FloatTree"><nex:node id="aed1de58-7bec-4a00-b0e4-2c3f5785fcb0" root="true"/><nex:node id="04f11fa4-b792-4410-8bc6-c1b80eb058af"/><nex:node id="ea72b2ff-fa27-4223-a5bb-25c53389e6ee"/><nex:node id="4a43a8f4-3c16-4afc-9c92-b31b8de645c8" label="Ed" otu="otu3"/><nex:node id="af49255f-c5a9-488f-a5e2-91825ab5d6f5" label="TNV1937" otu="otu4"/><nex:node id="0fd90858-cf97-4288-a303-8f696e88726a" label="TNV1947" otu="otu5"/><nex:node id="dadacad0-c000-49c7-8f32-7b1c4a65f271"/><nex:node id="9d8b4f51-5239-4a95-a029-50a45568f668" label="KT40" otu="otu7"/><nex:node id="bfe47a62-f61a-417b-b04c-865cde1305c0"/><nex:node id="d76fe8d6-65e6-4e6f-90c4-aae634b0cddd"/><nex:node id="868f8baf-a3ea-48de-aac2-991472d7caa8" label="TNVcpc" otu="otu10"/><nex:node id="76146b16-2aef-4502-8717-aee8e6b14c5a" label="TNVms" otu="otu11"/><nex:node id="c9c45da6-2e30-4c73-9b4d-0b131e528305" label="TNVcac" otu="otu12"/><nex:edge source="aed1de58-7bec-4a00-b0e4-2c3f5785fcb0" target="04f11fa4-b792-4410-8bc6-c1b80eb058af" id="edge0" length="0.18435569529942503"/><nex:edge source="aed1de58-7bec-4a00-b0e4-2c3f5785fcb0" target="dadacad0-c000-49c7-8f32-7b1c4a65f271" id="edge1" length="0.18435569529942503"/><nex:edge source="04f11fa4-b792-4410-8bc6-c1b80eb058af" target="ea72b2ff-fa27-4223-a5bb-25c53389e6ee" id="edge2" length="0"/><nex:edge source="04f11fa4-b792-4410-8bc6-c1b80eb058af" target="0fd90858-cf97-4288-a303-8f696e88726a" id="edge3" length="0.49999999999999956"/><nex:edge source="dadacad0-c000-49c7-8f32-7b1c4a65f271" target="9d8b4f51-5239-4a95-a029-50a45568f668" id="edge4" length="0.5436903485711675"/><nex:edge source="dadacad0-c000-49c7-8f32-7b1c4a65f271" target="bfe47a62-f61a-417b-b04c-865cde1305c0" id="edge5" length="0.15533549801571467"/><nex:edge source="ea72b2ff-fa27-4223-a5bb-25c53389e6ee" target="4a43a8f4-3c16-4afc-9c92-b31b8de645c8" id="edge6" length="0"/><nex:edge source="ea72b2ff-fa27-4223-a5bb-25c53389e6ee" target="af49255f-c5a9-488f-a5e2-91825ab5d6f5" id="edge7" length="4.440892098500626e-16"/><nex:edge source="bfe47a62-f61a-417b-b04c-865cde1305c0" target="d76fe8d6-65e6-4e6f-90c4-aae634b0cddd" id="edge8" length="0.19438826774168477"/><nex:edge source="bfe47a62-f61a-417b-b04c-865cde1305c0" target="c9c45da6-2e30-4c73-9b4d-0b131e528305" id="edge9" length="0.39908063867646953"/><nex:edge source="d76fe8d6-65e6-4e6f-90c4-aae634b0cddd" target="868f8baf-a3ea-48de-aac2-991472d7caa8" id="edge10" length="0"/><nex:edge source="d76fe8d6-65e6-4e6f-90c4-aae634b0cddd" target="76146b16-2aef-4502-8717-aee8e6b14c5a" id="edge11" length="0"/></nex:tree></nex:trees></nex:nexml></stemma>
    </xenoData>
  </teiHeader>
<TEI n="Ed"><text><cl><w n="0" lemma="yā"> yā</w><w n="1" lemma="yu">yu </w></cl><cl><w n="2">ñā</w><w n="3" lemma="yu">yu </w></cl><cl><w n="4">mā</w><w n="5"/><w n="6" lemma="rā">rā </w></cl><cl><w n="7">ki</w><w n="8">ya</w><w n="9" lemma="ro">rō </w></cl><cl><w n="10">ve</w><w n="11" lemma="na">n</w><w n="12">tai</w><w n="13" lemma="yu">yu </w></cl><cl><w n="14">nu</w><w n="15" lemma="na">n</w><w n="16">tai</w><w n="17" lemma="yu">yu </w></cl><cl><w n="18">me</w><w n="19" lemma="ma">m</w><w n="20">mu</w><w n="21">ṟai</w><w n="22" lemma="ka">k </w></cl><cl><w n="23" lemma="ke">kē</w><w n="24">ḷi</w><w n="25" lemma="ra">r </w></cl><cl><w n="26">yā</w><w n="27" lemma="ṉu">ṉu </w></cl><cl><w n="28">nī</w><w n="29" lemma="yu">yu </w></cl><cl><w n="30">me</w><w n="31" lemma="va">v</w><w n="32">va</w><w n="33" lemma="ḻi">ḻi </w></cl><cl><w n="34">ya</w><w n="35">ṟi</w><w n="36">tu</w><w n="37" lemma="ña">ñ </w></cl><cl><w n="38">ce</w><w n="39" lemma="ma">m</w><w n="40">pu</w><w n="41">la</w><w n="42" lemma="pa">p </w></cl><cl><w n="43">pe</w><w n="44" lemma="ya">y</w><w n="45" lemma="na">n</w><w n="46">nī</w><w n="47" lemma="ra">r </w></cl><cl><w n="48" lemma="po">pō</w><w n="49" lemma="la">la </w></cl><cl><w n="50">va</w><w n="51" lemma="ṉa">ṉ</w><w n="52">pu</w><w n="53" lemma="ṭai">ṭai </w></cl><cl><w n="54">ne</w><w n="55" lemma="ña">ñ</w><w n="56">ca</w><w n="57" lemma="na">n </w></cl><cl><w n="58">tā</w><w n="59" lemma="ṅa">ṅ</w><w n="60">ka</w><w n="61">la</w><w n="62" lemma="na">n </w></cl><cl><w n="63">ta</w><w n="64">ṉa</w><w n="65" lemma="ve">vē </w></cl></text></TEI><TEI n="TNV1937"><text><cl><w n="0" lemma="yā"> yā</w><w n="1" lemma="yu">yu </w></cl><cl><w n="2">ñā</w><w n="3" lemma="yu">yu </w></cl><cl><w n="4">mā</w><w n="5"/><w n="6" lemma="rā">rā </w></cl><cl><w n="7">ki</w><w n="8">ya</w><w n="9" lemma="ro">rō </w></cl><cl><w n="10" lemma="ve">e</w><w n="11" lemma="na">n</w><w n="12">tai</w><w n="13" lemma="yu">yu </w></cl><cl><w n="14">nu</w><w n="15" lemma="na">n</w><w n="16">tai</w><w n="17" lemma="yu">yu </w></cl><cl><w n="18">me</w><w n="19" lemma="ma">m</w><w n="20">mu</w><w n="21">ṟai</w><w n="22" lemma="ka">k </w></cl><cl><w n="23" lemma="ke">kē</w><w n="24">ḷi</w><w n="25" lemma="ra">r </w></cl><cl><w n="26">yā</w><w n="27" lemma="ṉu">ṉu </w></cl><cl><w n="28">nī</w><w n="29" lemma="yu">yu </w></cl><cl><w n="30">me</w><w n="31" lemma="va">v</w><w n="32">va</w><w n="33" lemma="ḻi">ḻi </w></cl><cl><w n="34">ya</w><w n="35">ṟi</w><w n="36">tu</w><w n="37" lemma="ña">m </w></cl><cl><w n="38">ce</w><w n="39" lemma="ma">m</w><w n="40">pu</w><w n="41">la</w><w n="42" lemma="pa">p </w></cl><cl><w n="43">pe</w><w n="44" lemma="ya">y</w><w n="45" lemma="na">n</w><w n="46">nī</w><w n="47" lemma="ra">r </w></cl><cl><w n="48" lemma="po">pō</w><w n="49" lemma="la">la </w></cl><cl><w n="50" lemma="va">a</w><w n="51" lemma="ṉa">ṉ</w><w n="52">pu</w><w n="53" lemma="ṭai">ṭai </w></cl><cl><w n="54">ne</w><w n="55" lemma="ña">ñ</w><w n="56">ca</w><w n="57" lemma="na">n </w></cl><cl><w n="58">tā</w><w n="59" lemma="ṅa">ṅ</w><w n="60">ka</w><w n="61">la</w><w n="62" lemma="na">n </w></cl><cl><w n="63">ta</w><w n="64">ṉa</w><w n="65" lemma="ve">vē</w></cl></text></TEI><TEI n="TNV1947"><text><cl><w n="0" lemma="yā"> yā</w><w n="1" lemma="yu">yu </w></cl><cl><w n="2">ñā</w><w n="3" lemma="yu">yu </w></cl><cl><w n="4">mā</w><w n="5"/><w n="6" lemma="rā">rā </w></cl><cl><w n="7">ki</w><w n="8">ya</w><w n="9" lemma="ro">rō </w></cl><cl><w n="10" lemma="ve">e</w><w n="11" lemma="na">n</w><w n="12">tai</w><w n="13" lemma="yu">yu </w></cl><cl><w n="14">nu</w><w n="15" lemma="na">n</w><w n="16">tai</w><w n="17" lemma="yu">yu </w></cl><cl><w n="18">me</w><w n="19" lemma="ma">m</w><w n="20">mu</w><w n="21">ṟai</w><w n="22" lemma="ka">k </w></cl><cl><w n="23" lemma="ke">kē</w><w n="24">ḷi</w><w n="25" lemma="ra">r </w></cl><cl><w n="26">yā</w><w n="27" lemma="ṉu">ṉu </w></cl><cl><w n="28">nī</w><w n="29" lemma="yu">yu </w></cl><cl><w n="30">me</w><w n="31" lemma="va">v</w><w n="32">va</w><w n="33" lemma="ḻi">ḻi </w></cl><cl><w n="34">ya</w><w n="35">ṟi</w><w n="36">tu</w><w n="37" lemma="ña">m </w></cl><cl><w n="38">ce</w><w n="39" lemma="ma">m</w><w n="40">pu</w><w n="41">la</w><w n="42" lemma="pa">p </w></cl><cl><w n="43">pe</w><w n="44" lemma="ya">y</w><w n="45" lemma="na">n</w><w n="46">nī</w><w n="47" lemma="ra">r </w></cl><cl><w n="48" lemma="po">pō</w><w n="49" lemma="la">la </w></cl><cl><w n="50" lemma="va">a</w><w n="51" lemma="ṉa">ṉ</w><w n="52">pu</w><w n="53" lemma="ṭai">ṭai </w></cl><cl><w n="54">ne</w><w n="55" lemma="ña">ñ</w><w n="56">ca</w><w n="57" lemma="na">n </w></cl><cl><w n="58">tā</w><w n="59" lemma="ṅa">ṅ</w><w n="60">ka</w><w n="61">la</w><w n="62" lemma="na">n </w></cl><cl><w n="63">ta</w><w n="64">ṉa</w><w n="65" lemma="ve">vē</w></cl></text></TEI><TEI n="KT40"><text><cl><w n="0" lemma="yā"> yā</w><w n="1" lemma="yu">yu </w></cl><cl><w n="2">ñā</w><w n="3">yu</w></cl><cl><w n="4" lemma="ma">m </w><w n="5">yā</w><w n="6" lemma="rā">rā </w></cl><cl><w n="7">ki</w><w n="8">ya</w><w n="9" lemma="ro">rō </w></cl><cl><w n="10">ve</w><w n="11" lemma="na">n</w><w n="12">tai</w><w n="13" lemma="yu">yu </w></cl><cl><w n="14">nu</w><w n="15" lemma="na">n</w><w n="16">tai</w><w n="17" lemma="yu">yu </w></cl><cl><w n="18">me</w><w n="19" lemma="ma">m</w><w n="20">mu</w><w n="21">ṟai</w><w n="22" lemma="ka">k </w></cl><cl><w n="23" lemma="ke">kē</w><w n="24">ḷi</w><w n="25" lemma="ra">r </w></cl><cl><w n="26">yā</w><w n="27" lemma="ṉu">ṉu </w></cl><cl><w n="28">nī</w><w n="29" lemma="yu">yu </w></cl><cl><w n="30">me</w><w n="31" lemma="va">v</w><w n="32">va</w><w n="33" lemma="ḻi">ḻi </w></cl><cl><w n="34">ya</w><w n="35">ṟi</w><w n="36">tu</w><w n="37" lemma="ña">ñ </w></cl><cl><w n="38">ce</w><w n="39" lemma="ma">m</w><w n="40">pu</w><w n="41">la</w><w n="42" lemma="pa">p </w></cl><cl><w n="43">pe</w><w n="44">ya</w><w n="45"/><w n="46">ṉī</w><w n="47" lemma="ra">r </w></cl><cl><w n="48" lemma="po">pō</w><w n="49" lemma="la">la </w></cl><cl><w n="50">va</w><w n="51" lemma="ṉa">ṉ</w><w n="52">pu</w><w n="53" lemma="ṭai">ṭai </w></cl><cl><w n="54">ne</w><w n="55" lemma="ña">ñ</w><w n="56">ca</w><w n="57" lemma="na">n </w></cl><cl><w n="58">tā</w><w n="59" lemma="ṅa">ṅ</w><w n="60">ka</w><w n="61">la</w><w n="62" lemma="na">n </w></cl><cl><w n="63">ta</w><w n="64">ṉa</w><w n="65" lemma="ve">vē. </w></cl></text></TEI><TEI n="TNVcpc"><text><cl><w n="0" lemma="yā"> yā</w><w n="1" lemma="yu">yu </w></cl><cl><w n="2">ñā</w><w n="3" lemma="yu">yu </w></cl><cl><w n="4">mā</w><w n="5"/><w n="6" lemma="rā">rā </w></cl><cl><w n="7">ki</w><w n="8">ya</w><w n="9" lemma="ro">rō, </w></cl><cl><w n="10">ye</w><w n="11" lemma="na">n</w><w n="12">tai</w><w n="13" lemma="yu">yu </w></cl><cl><w n="14">nu</w><w n="15" lemma="na">n</w><w n="16">tai</w><w n="17" lemma="yu">yu </w></cl><cl><w n="18">me</w><w n="19" lemma="ma">m</w><w n="20">mu</w><w n="21">ṟai</w><w n="22" lemma="ka">k </w></cl><cl><w n="23" lemma="ke">kē</w><w n="24">ḷi</w><w n="25" lemma="ra">r </w></cl><cl><w n="26">yā</w><w n="27" lemma="ṉu">ṉu </w></cl><cl><w n="28">nī</w><w n="29" lemma="yu">yu </w></cl><cl><w n="30">me</w><w n="31" lemma="va">v</w><w n="32">va</w><w n="33" lemma="ḻi">ḻi </w></cl><cl><w n="34">ya</w><w n="35">ṟi</w><w n="36">tu</w><w n="37" lemma="ña">ñ, </w></cl><cl><w n="38">ce</w><w n="39" lemma="ma">m</w><w n="40">pu</w><w n="41">la</w><w n="42" lemma="pa">p </w></cl><cl><w n="43">pe</w><w n="44" lemma="ya">y</w><w n="45" lemma="na">n</w><w n="46">nī</w><w n="47" lemma="ra">r </w></cl><cl><w n="48" lemma="po">pō</w><w n="49" lemma="la">la </w></cl><cl><w n="50">va</w><w n="51" lemma="ṉa">ṉ</w><w n="52">pu</w><w n="53" lemma="ṭai">ṭai, </w></cl><cl><w n="54">ne</w><w n="55" lemma="ña">ñ</w><w n="56">ca</w><w n="57" lemma="na">n </w></cl><cl><w n="58">tā</w><w n="59" lemma="ṅa">ṅ</w><w n="60">ka</w><w n="61">la</w><w n="62" lemma="na">n </w></cl><cl><w n="63">ta</w><w n="64">ṉa</w><w n="65" lemma="ve">vē. </w></cl></text></TEI><TEI n="TNVms"><text><cl><w n="0" lemma="yā"> yā</w><w n="1" lemma="yu">yu </w></cl><cl><w n="2">ñā</w><w n="3" lemma="yu">yu </w></cl><cl><w n="4">mā</w><w n="5"/><w n="6" lemma="rā">rā </w></cl><cl><w n="7">ki</w><w n="8">ya</w><w n="9" lemma="ro">rō, </w></cl><cl><w n="10">ye</w><w n="11" lemma="na">n</w><w n="12">tai</w><w n="13" lemma="yu">yu </w></cl><cl><w n="14">nu</w><w n="15" lemma="na">n</w><w n="16">tai</w><w n="17" lemma="yu">yu </w></cl><cl><w n="18">me</w><w n="19" lemma="ma">m</w><w n="20">mu</w><w n="21">ṟai</w><w n="22" lemma="ka">k </w></cl><cl><w n="23" lemma="ke">kē</w><w n="24">ḷi</w><w n="25" lemma="ra">r </w></cl><cl><w n="26">yā</w><w n="27" lemma="ṉu">ṉu </w></cl><cl><w n="28">nī</w><w n="29" lemma="yu">yu </w></cl><cl><w n="30">me</w><w n="31" lemma="va">v</w><w n="32">va</w><w n="33" lemma="ḻi">ḻi </w></cl><cl><w n="34">ya</w><w n="35">ṟi</w><w n="36">tu</w><w n="37" lemma="ña">ñ </w></cl><cl><w n="38">ce</w><w n="39" lemma="ma">m</w><w n="40">pu</w><w n="41">la</w><w n="42" lemma="pa">p </w></cl><cl><w n="43">pe</w><w n="44" lemma="ya">y</w><w n="45" lemma="na">n</w><w n="46">nī</w><w n="47" lemma="ra">r </w></cl><cl><w n="48" lemma="po">pō</w><w n="49" lemma="la">la </w></cl><cl><w n="50">va</w><w n="51" lemma="ṉa">ṉ</w><w n="52">pu</w><w n="53" lemma="ṭai">ṭai </w></cl><cl><w n="54">ne</w><w n="55" lemma="ña">ñ</w><w n="56">ca</w><w n="57" lemma="na">n </w></cl><cl><w n="58">tā</w><w n="59" lemma="ṅa">ṅ</w><w n="60">ka</w><w n="61">la</w><w n="62" lemma="na">n </w></cl><cl><w n="63">ta</w><w n="64">ṉa</w><w n="65" lemma="ve">vē.</w></cl></text></TEI><TEI n="TNVcac"><text><cl><w n="0" lemma="yā"> yā</w><w n="1" lemma="yu">yu </w></cl><cl><w n="2">ñā</w><w n="3" lemma="yu">yu </w></cl><cl><w n="4">mā</w><w n="5"/><w n="6" lemma="rā">rā </w></cl><cl><w n="7">ki</w><w n="8">ya</w><w n="9" lemma="ro">rō, </w></cl><cl><w n="10">ye</w><w n="11" lemma="na">n</w><w n="12">tai</w><w n="13" lemma="yu">yu </w></cl><cl><w n="14">nu</w><w n="15" lemma="na">n</w><w n="16">tai</w><w n="17" lemma="yu">yu </w></cl><cl><w n="18">me</w><w n="19" lemma="ma">m</w><w n="20">mu</w><w n="21">ṟai</w><w n="22" lemma="ka">k </w></cl><cl><w n="23" lemma="ke">kē</w><w n="24">ḷi</w><w n="25" lemma="ra">r </w></cl><cl><w n="26">yā</w><w n="27" lemma="ṉu">ṉu </w></cl><cl><w n="28">nī</w><w n="29" lemma="yu">yu </w></cl><cl><w n="30">me</w><w n="31" lemma="va">v</w><w n="32">va</w><w n="33" lemma="ḻi">ḻi </w></cl><cl><w n="34">ya</w><w n="35">ṟi</w><w n="36">tu</w><w n="37" lemma="ña">ñ, </w></cl><cl><w n="38">ce</w><w n="39" lemma="ma">m</w><w n="40">pu</w><w n="41">li</w><w n="42" lemma="pa">p </w></cl><cl><w n="43">pe</w><w n="44" lemma="ya">y</w><w n="45" lemma="na">n</w><w n="46">nī</w><w n="47" lemma="ra">r </w></cl><cl><w n="48" lemma="po">pō</w><w n="49" lemma="la">la </w></cl><cl><w n="50">va</w><w n="51" lemma="ṉa">ṉ</w><w n="52">pu</w><w n="53" lemma="ṭai">ṭai, </w></cl><cl><w n="54">ne</w><w n="55" lemma="ña">ñ</w><w n="56">ca</w><w n="57" lemma="na">n </w></cl><cl><w n="58">tā</w><w n="59" lemma="ṅa">ṅ</w><w n="60">ka</w><w n="61">la</w><w n="62" lemma="na">n </w></cl><cl><w n="63">ta</w><w n="64">ṉa</w><w n="65" lemma="ve">vē. </w></cl></text></TEI></teiCorpus>