<?xml version="1.0" encoding="UTF-8"?><teiCorpus xmlns="http://www.tei-c.org/ns/1.0" xml:lang="ta">
  <teiHeader>
<listWit><witness xml:id="KKms" source="KKms.xml"><abbr type="siglum">KKms</abbr><expan>KKms</expan><listWit><witness xml:id="KKmsac" n="ac"><abbr type="siglum">KKmsac</abbr><expan>KKms [ante correctionem]</expan></witness><witness xml:id="KKmspc" n="pc"><abbr type="siglum">KKmspc</abbr><expan>KKms [post correctionem]</expan></witness></listWit></witness><witness xml:id="KKed" source="KKprint.xml"><abbr type="siglum">KKed</abbr><expan>KKprint</expan><listWit><witness xml:id="KKedac" n="ac"><abbr type="siglum">KKedac</abbr><expan>KKprint [ante correctionem]</expan></witness><witness xml:id="KKedpc" n="pc"><abbr type="siglum">KKedpc</abbr><expan>KKprint [post correctionem]</expan></witness></listWit></witness><witness xml:id="KT2" source="KT2.xml"><abbr type="siglum">KT2</abbr><expan><title xmlns="http://www.tei-c.org/ns/1.0" xml:lang="ta">Kuṟuntokai</title> 2. <persName xmlns="http://www.tei-c.org/ns/1.0" xml:lang="ta">Iṟaiyaṉār</persName>: <i xmlns="http://www.tei-c.org/ns/1.0">HE</i></expan><listWit><witness xml:id="KT2-C2" select="#C2"><abbr type="siglum">KT2-C2</abbr><expan><title xmlns="http://www.tei-c.org/ns/1.0" xml:lang="ta">Kuṟuntokai</title> 2. <persName xmlns="http://www.tei-c.org/ns/1.0" xml:lang="ta">Iṟaiyaṉār</persName>: <i xmlns="http://www.tei-c.org/ns/1.0">HE</i> [witness C2]</expan></witness></listWit></witness><witness xml:id="KT40" source="KT40.xml"><abbr type="siglum">KT40</abbr><expan><title xmlns="http://www.tei-c.org/ns/1.0" xml:lang="ta">Kuṟuntokai</title> 40. <persName xmlns="http://www.tei-c.org/ns/1.0" xml:lang="ta">Cempulappeyaṉīrār</persName>: <i xmlns="http://www.tei-c.org/ns/1.0">HE / SHE</i></expan></witness><witness xml:id="NAed" source="NAprint.xml"><abbr type="siglum">NAed</abbr><expan>NAprint</expan></witness><witness xml:id="TNV1937" source="TNV_1937.xml"><abbr type="siglum">TNV1937</abbr><expan>TNV 1937</expan></witness><witness xml:id="TNV1947" source="TNV1947.xml"><abbr type="siglum">TNV1947</abbr><expan>TNV print</expan><listWit><witness xml:id="TNV1947ac" n="ac"><abbr type="siglum">TNV1947ac</abbr><expan>TNV print [ante correctionem]</expan></witness><witness xml:id="TNV1947pc" n="pc"><abbr type="siglum">TNV1947pc</abbr><expan>TNV print [post correctionem]</expan></witness></listWit></witness><witness xml:id="TKn" source="TolNa.xml"><abbr type="siglum">TKn</abbr><expan>Tolkāppiyam Nacci</expan></witness><witness xml:id="TKp" source="TolPe.xml"><abbr type="siglum">TKp</abbr><expan>Tolkāppiyam Pēr</expan></witness><witness xml:id="TNVc" source="UVSL_48032.xml"><abbr type="siglum">TNVc</abbr><expan>Tamiḻneṟi Viḷakkam Paper</expan><listWit><witness xml:id="TNVcac" n="ac"><abbr type="siglum">TNVcac</abbr><expan>Tamiḻneṟi Viḷakkam Paper [ante correctionem]</expan></witness><witness xml:id="TNVcpc" n="pc"><abbr type="siglum">TNVcpc</abbr><expan>Tamiḻneṟi Viḷakkam Paper [post correctionem]</expan></witness></listWit></witness><witness xml:id="TNVms" source="UVSLMS000950.xml"><abbr type="siglum">TNVms</abbr><expan>Tamiḻneṟi Viḷakkam</expan><listWit><witness xml:id="TNVmsac" n="ac"><abbr type="siglum">TNVmsac</abbr><expan>Tamiḻneṟi Viḷakkam [ante correctionem]</expan></witness><witness xml:id="TNVmspc" n="pc"><abbr type="siglum">TNVmspc</abbr><expan>Tamiḻneṟi Viḷakkam [post correctionem]</expan></witness></listWit></witness><witness xml:id="YV1960a" source="YV1960.xml"><abbr type="siglum">YV1960a</abbr><expan>YV1960</expan></witness><witness xml:id="YV1960b" source="YV1960.xml"><abbr type="siglum">YV1960b</abbr><expan>YV1960</expan></witness><witness xml:id="Ed" source="TNV15ed.xml"><abbr type="siglum">Ed</abbr><expan><title xmlns="http://www.tei-c.org/ns/1.0" xml:lang="ta">Tamiḻneṟi Viḷakkam</title> 15.</expan></witness></listWit>
    <encodingDesc>
      <editorialDecl>
        <normalization method="markup">
<ab>ignore punctuation</ab>
<ab>ignore long/short e</ab>
<ab>ignore long/short o</ab>
<ab>insert glide after back vowels</ab>
<ab>insert glide after front vowels</ab>
<ab>final -m sandhi variants</ab>
<ab>ignore puḷḷi</ab>
<ab>remove spaces</ab>
        </normalization>
        <ab type="tagfilters">
<tag subtype="ignore">pc</tag>
<tag subtype="ignore">abbr</tag>
<tag subtype="ignore">corr</tag>
<tag subtype="ignore">ex</tag>
<tag subtype="ignore">head</tag>
<tag subtype="ignore">label</tag>
<tag subtype="ignore">note</tag>
<tag subtype="ignore">num</tag>
<tag subtype="ignore">locus</tag>
<tag subtype="ignore">metamark</tag>
<tag subtype="ignore">supplied</tag>
<tag subtype="ignore">surplus</tag>
        </ab>
      </editorialDecl>
    </encodingDesc>
    <xenoData>
      <stemma format="nexml" id="stemma0"><nex:nexml xmlns:nex="http://www.nexml.org/2009" version="0.9"><nex:otus id="otus1"><nex:otu id="otu0" label="TNV1947"/><nex:otu id="otu1" label="TNVcpc"/><nex:otu id="otu2" label="Ed"/><nex:otu id="otu3" label="TNV1937"/><nex:otu id="otu4" label="KKmsac"/><nex:otu id="otu5" label="KKedac"/><nex:otu id="otu6" label="KKmspc"/><nex:otu id="otu7" label="KKedpc"/><nex:otu id="otu8" label="TNVcac"/><nex:otu id="otu9" label="TNVms"/></nex:otus><nex:trees otus="otus1" id="trees1"><nex:tree xmlns:xsi="http://www.w3.org/2001/XMLSchema-instance" id="guidetree" label="guidetree" xsi:type="nex:FloatTree"><nex:node id="dd69fd14-2ec4-43a8-bbfe-7e15707afec9" root="true"/><nex:node id="19f6326d-4e46-4a3c-92d4-26c239e6688f"/><nex:node id="49654ff7-bc57-456b-89a5-2c214ac1a77e"/><nex:node id="02dd9419-82e8-40e9-9ccb-36b035fe2403" label="TNV1947" otu="otu3"/><nex:node id="a694f72a-a07b-488c-a9b5-63fdc90b7720" label="TNVcpc" otu="otu4"/><nex:node id="52e27bcd-c267-401a-b914-c71c68500690"/><nex:node id="dcf6bd45-04c2-40cb-82d7-a6abb9edd27f" label="Ed" otu="otu6"/><nex:node id="0886e4fb-b3ca-477d-886c-0c57f1638ffd" label="TNV1937" otu="otu7"/><nex:node id="710e8f25-5e4f-4f3f-9856-87c962a05b41"/><nex:node id="b30860a1-f23c-481e-a7db-10e3b6a9bd43"/><nex:node id="e2808560-407a-4413-8311-11103400d575"/><nex:node id="8f122368-b7dc-4242-8c9b-06a9b3a4a793" label="KKmsac" otu="otu11"/><nex:node id="d6fb505c-f38b-4798-82ba-429643e4bd69"/><nex:node id="6c19cdd8-f88f-46ed-8049-77a06c9432a4" label="KKedac" otu="otu13"/><nex:node id="6b281f5b-fa67-4900-91c0-34cd90ca0a0d" label="KKmspc" otu="otu14"/><nex:node id="dab3ccfc-6e8d-496c-87bc-20910d211bc6" label="KKedpc" otu="otu15"/><nex:node id="8ede5c8a-3dc9-46d4-9e6f-012aac7ace49"/><nex:node id="d33fe984-f2ee-4257-884e-c6dc25b1943b" label="TNVcac" otu="otu17"/><nex:node id="4298e4cc-5b3a-44af-a05f-5d08cb9067a4" label="TNVms" otu="otu18"/><nex:edge source="dd69fd14-2ec4-43a8-bbfe-7e15707afec9" target="19f6326d-4e46-4a3c-92d4-26c239e6688f" id="edge0" length="0.11102902819504559"/><nex:edge source="dd69fd14-2ec4-43a8-bbfe-7e15707afec9" target="710e8f25-5e4f-4f3f-9856-87c962a05b41" id="edge1" length="0.11102902819504559"/><nex:edge source="19f6326d-4e46-4a3c-92d4-26c239e6688f" target="49654ff7-bc57-456b-89a5-2c214ac1a77e" id="edge2" length="2.220446049250313e-16"/><nex:edge source="19f6326d-4e46-4a3c-92d4-26c239e6688f" target="52e27bcd-c267-401a-b914-c71c68500690" id="edge3" length="0"/><nex:edge source="710e8f25-5e4f-4f3f-9856-87c962a05b41" target="b30860a1-f23c-481e-a7db-10e3b6a9bd43" id="edge4" length="0.12664309921244354"/><nex:edge source="710e8f25-5e4f-4f3f-9856-87c962a05b41" target="8ede5c8a-3dc9-46d4-9e6f-012aac7ace49" id="edge5" length="0.3582047913782115"/><nex:edge source="49654ff7-bc57-456b-89a5-2c214ac1a77e" target="02dd9419-82e8-40e9-9ccb-36b035fe2403" id="edge6" length="1.1102230246251565e-16"/><nex:edge source="49654ff7-bc57-456b-89a5-2c214ac1a77e" target="a694f72a-a07b-488c-a9b5-63fdc90b7720" id="edge7" length="1.1102230246251565e-16"/><nex:edge source="52e27bcd-c267-401a-b914-c71c68500690" target="dcf6bd45-04c2-40cb-82d7-a6abb9edd27f" id="edge8" length="1.1102230246251565e-16"/><nex:edge source="52e27bcd-c267-401a-b914-c71c68500690" target="0886e4fb-b3ca-477d-886c-0c57f1638ffd" id="edge9" length="1.1102230246251565e-16"/><nex:edge source="b30860a1-f23c-481e-a7db-10e3b6a9bd43" target="e2808560-407a-4413-8311-11103400d575" id="edge10" length="0.4205185860585139"/><nex:edge source="b30860a1-f23c-481e-a7db-10e3b6a9bd43" target="dab3ccfc-6e8d-496c-87bc-20910d211bc6" id="edge11" length="0.33734700634736825"/><nex:edge source="8ede5c8a-3dc9-46d4-9e6f-012aac7ace49" target="d33fe984-f2ee-4257-884e-c6dc25b1943b" id="edge12" length="5.551115123125783e-17"/><nex:edge source="8ede5c8a-3dc9-46d4-9e6f-012aac7ace49" target="4298e4cc-5b3a-44af-a05f-5d08cb9067a4" id="edge13" length="5.551115123125783e-17"/><nex:edge source="e2808560-407a-4413-8311-11103400d575" target="8f122368-b7dc-4242-8c9b-06a9b3a4a793" id="edge14" length="0.1633534263929488"/><nex:edge source="e2808560-407a-4413-8311-11103400d575" target="d6fb505c-f38b-4798-82ba-429643e4bd69" id="edge15" length="0.02943306215763991"/><nex:edge source="d6fb505c-f38b-4798-82ba-429643e4bd69" target="6c19cdd8-f88f-46ed-8049-77a06c9432a4" id="edge16" length="0.02921255966930264"/><nex:edge source="d6fb505c-f38b-4798-82ba-429643e4bd69" target="6b281f5b-fa67-4900-91c0-34cd90ca0a0d" id="edge17" length="0.051061344238479245"/></nex:tree></nex:trees></nex:nexml></stemma>
    </xenoData>
  </teiHeader>
<TEI n="TNV1947"><text><cl><w n="0" lemma="pu"> pu</w><w n="1">la</w><w n="2">ṉa</w><w n="3" lemma="ṉa">ṉ </w></cl><cl><w n="4">ṟe</w><w n="5" lemma="ṉa">ṉ</w><w n="6" lemma="pa">pa </w></cl><cl><w n="7">vi</w><w n="8" lemma="ṉa">ṉ</w><w n="9">ṉu</w><w n="10" lemma="yi">yi </w></cl><cl><w n="11">ra</w><w n="12">tu</w><w n="13" lemma="ve">vē </w></cl><cl><w n="14" lemma="ya">a</w><w n="15">la</w><w n="16" lemma="ra">r</w><w n="17">mu</w><w n="18" lemma="lai">lai </w></cl><cl><w n="19">yā</w><w n="20">ka</w><w n="21" lemma="na">n </w></cl><cl><w n="22">tā</w><w n="23" lemma="ṅa">ṅ</w><w n="24" lemma="ki">ki </w></cl><cl><w n="25">ni</w><w n="26">la</w><w n="27">vo</w><w n="28" lemma="ḷi">ḷi </w></cl><cl><w n="29"/><w n="30">ma</w><w n="31">ti</w><w n="32" lemma="yi">yi </w></cl><cl><w n="33">ṉi</w><w n="34"/><w n="35">la</w><w n="36">vu</w><w n="37" lemma="me">me </w></cl><cl><w n="38"/><w n="39">ṉu</w><w n="40">yi</w><w n="41" lemma="re">rē</w></cl></text></TEI><TEI n="TNVcpc"><text><cl><w n="0" lemma="pu"> pu</w><w n="1">la</w><w n="2">ṉa</w><w n="3" lemma="ṉa">ṉ </w></cl><cl><w n="4">ṟe</w><w n="5" lemma="ṉa">ṉ</w><w n="6" lemma="pa">pa </w></cl><cl><w n="7">vi</w><w n="8" lemma="ṉa">ṉ</w><w n="9">ṉu</w><w n="10" lemma="yi">yi </w></cl><cl><w n="11">ra</w><w n="12">tu</w><w n="13" lemma="ve">vē, </w></cl><cl><w n="14">ya</w><w n="15">la</w><w n="16" lemma="ra">r</w><w n="17">mu</w><w n="18" lemma="lai">lai </w></cl><cl><w n="19">yā</w><w n="20">ka</w><w n="21" lemma="na">n </w></cl><cl><w n="22">tā</w><w n="23" lemma="ṅa">ṅ</w><w n="24" lemma="ki">ki </w></cl><cl><w n="25">ni</w><w n="26">la</w><w n="27">vo</w><w n="28" lemma="ḷi">ḷi </w></cl><cl><w n="29"/><w n="30">ma</w><w n="31">ti</w><w n="32" lemma="yi">yi </w></cl><cl><w n="33">ṉi</w><w n="34"/><w n="35">la</w><w n="36">vu</w><w n="37" lemma="me">me </w></cl><cl><w n="38"/><w n="39">ṉu</w><w n="40">yi</w><w n="41" lemma="re">rē. </w></cl></text></TEI><TEI n="Ed"><text><cl><w n="0" lemma="pu"> pu</w><w n="1">la</w><w n="2">ṉa</w><w n="3" lemma="ṉa">ṉ </w></cl><cl><w n="4">ṟe</w><w n="5" lemma="ṉa">ṉ</w><w n="6" lemma="pa">pa </w></cl><cl><w n="7">vi</w><w n="8" lemma="ṉa">ṉ</w><w n="9">ṉu</w><w n="10" lemma="yi">yi </w></cl><cl><w n="11">ra</w><w n="12">tu</w><w n="13" lemma="ve">vē </w></cl><cl><w n="14">ya</w><w n="15">la</w><w n="16" lemma="ra">r</w><w n="17">mu</w><w n="18" lemma="lai">lai </w></cl><cl><w n="19">yā</w><w n="20">ka</w><w n="21" lemma="na">n </w></cl><cl><w n="22">tā</w><w n="23" lemma="ṅa">ṅ</w><w n="24" lemma="ki">ki </w></cl><cl><w n="25">ni</w><w n="26">la</w><w n="27">vo</w><w n="28" lemma="ḷi">ḷi </w></cl><cl><w n="29"/><w n="30">ma</w><w n="31">ti</w><w n="32" lemma="yi">yi </w></cl><cl><w n="33">ṉi</w><w n="34"/><w n="35">la</w><w n="36">vu</w><w n="37" lemma="me">me </w></cl><cl><w n="38"/><w n="39">ṉu</w><w n="40">yi</w><w n="41" lemma="re">rē </w></cl></text></TEI><TEI n="TNV1937"><text><cl><w n="0" lemma="pu"> pu</w><w n="1">la</w><w n="2">ṉa</w><w n="3" lemma="ṉa">ṉ </w></cl><cl><w n="4">ṟe</w><w n="5" lemma="ṉa">ṉ</w><w n="6" lemma="pa">pa </w></cl><cl><w n="7">vi</w><w n="8" lemma="ṉa">ṉ</w><w n="9">ṉu</w><w n="10" lemma="yi">yi </w></cl><cl><w n="11">ra</w><w n="12">tu</w><w n="13" lemma="ve">vē </w></cl><cl><w n="14" lemma="ya">a</w><w n="15">la</w><w n="16" lemma="ra">r</w><w n="17">mu</w><w n="18" lemma="lai">lai </w></cl><cl><w n="19">yā</w><w n="20">ka</w><w n="21" lemma="na">n </w></cl><cl><w n="22">tā</w><w n="23" lemma="ṅa">ṅ</w><w n="24" lemma="ki">ki </w></cl><cl><w n="25">ni</w><w n="26">la</w><w n="27">vo</w><w n="28" lemma="ḷi">ḷi </w></cl><cl><w n="29"/><w n="30">ma</w><w n="31">ti</w><w n="32" lemma="yi">yi </w></cl><cl><w n="33">ṉi</w><w n="34"/><w n="35">la</w><w n="36">vu</w><w n="37" lemma="me">me </w></cl><cl><w n="38"/><w n="39">ṉu</w><w n="40">yi</w><w n="41" lemma="re">rē</w></cl></text></TEI><TEI n="KKmsac"><text><cl><w n="0" lemma="pa"> p...</w><w n="1"/><w n="2"/><w n="3" lemma="ṉa">ṉ </w></cl><cl><w n="4">ṟe</w><w n="5" lemma="ṉa">ṉ</w><w n="6" lemma="pa">pa </w></cl><cl><w n="7">vi</w><w n="8" lemma="ṉa">ṉ</w><w n="9">ṉu</w><w n="10" lemma="yi">yi </w></cl><cl><w n="11">ri</w><w n="12">tu</w><w n="13" lemma="ve">vē </w></cl><cl><w n="14">ya</w><w n="15">la</w><w n="16" lemma="ra">r</w><w n="17">mu</w><w n="18" lemma="lai">lai </w></cl><cl><w n="19">yā</w><w n="20">ya</w><w n="21" lemma="ta">t </w></cl><cl><w n="22">tā</w><w n="23" lemma="ṅa">ṅ</w><w n="24" lemma="ka">ka </w></cl><cl><w n="25">ṇi</w><w n="26">la</w><w n="27">vo</w><w n="28" lemma="ḷi">ḷi </w></cl><cl><w n="29">yā</w><w n="30">ma</w><w n="31">ti</w><w n="32">ye</w></cl><cl><w n="33" lemma="ṉa">ṉa </w><w n="34">ni</w><w n="35">la</w><w n="36">vu</w><w n="37">me</w></cl><cl><w n="38" lemma="ṉa">ṉ </w><w n="39">ṉu</w><w n="40">yi</w><w n="41" lemma="re">rē</w></cl></text></TEI><TEI n="KKedac"><text><cl><w n="0" lemma="pu"> pu</w><w n="1" lemma="la">la...</w><w n="2" lemma="ṉa">ṉ </w><w n="3"/></cl><cl><w n="4">ṟe</w><w n="5" lemma="ṉa">ṉ</w><w n="6" lemma="pa">pa </w></cl><cl><w n="7">vi</w><w n="8" lemma="ṉa">ṉ</w><w n="9">ṉu</w><w n="10" lemma="yi">yi </w></cl><cl><w n="11">ri</w><w n="12">tu</w><w n="13" lemma="ve">vē </w></cl><cl><w n="14">ya</w><w n="15">la</w><w n="16" lemma="ra">r</w><w n="17">mu</w><w n="18" lemma="lai">lai </w></cl><cl><w n="19">yā</w><w n="20">ya</w><w n="21" lemma="ta">t </w></cl><cl><w n="22">tā</w><w n="23" lemma="ṅa">ṅ</w><w n="24" lemma="ka">ka </w></cl><cl><w n="25">ṇi</w><w n="26">la</w><w n="27">vo</w><w n="28" lemma="ḷi">ḷi </w></cl><cl><w n="29"/><w n="30">ma</w><w n="31">ti</w><w n="32">ye</w></cl><cl><w n="33" lemma="ṉa">ṉa </w><w n="34">ni</w><w n="35">la</w><w n="36">vu</w><w n="37">me</w></cl><cl><w n="38" lemma="ṉa">ṉ </w><w n="39">ṉu</w><w n="40">yi</w><w n="41" lemma="re">rē</w></cl></text></TEI><TEI n="KKmspc"><text><cl><w n="0" lemma="pa"> p...</w><w n="1"/><w n="2"/><w n="3" lemma="ṉa">ṉ </w></cl><cl><w n="4">ṟe</w><w n="5" lemma="ṉa">ṉ</w><w n="6" lemma="pa">pa </w></cl><cl><w n="7">vi</w><w n="8" lemma="ṉa">ṉ</w><w n="9">ṉu</w><w n="10" lemma="yi">yi </w></cl><cl><w n="11">ri</w><w n="12">tu</w><w n="13" lemma="ve">vē </w></cl><cl><w n="14">ya</w><w n="15">la</w><w n="16" lemma="ra">r</w><w n="17">mu</w><w n="18" lemma="lai">lai </w></cl><cl><w n="19">yā</w><w n="20">ya</w><w n="21" lemma="ta">t </w></cl><cl><w n="22">tā</w><w n="23" lemma="ṅa">ṅ</w><w n="24" lemma="ka">ka </w></cl><cl><w n="25">ṇi</w><w n="26">la</w><w n="27">vo</w><w n="28" lemma="ḷi">ḷi </w></cl><cl><w n="29"/><w n="30">ma</w><w n="31">ti</w><w n="32">ye</w></cl><cl><w n="33" lemma="ṉa">ṉa </w><w n="34">ni</w><w n="35">la</w><w n="36">vu</w><w n="37">me</w></cl><cl><w n="38" lemma="ṉa">ṉ </w><w n="39">ṉu</w><w n="40">yi</w><w n="41" lemma="re">rē</w></cl></text></TEI><TEI n="KKedpc"><text><cl><w n="0" lemma="pu"> pu</w><w n="1">la</w><w n="2">ṉa</w><w n="3" lemma="ṉa">ṉ </w></cl><cl><w n="4">ṟe</w><w n="5" lemma="ṉa">ṉ</w><w n="6" lemma="pa">pa </w></cl><cl><w n="7">vi</w><w n="8" lemma="ṉa">ṉ</w><w n="9">ṉu</w><w n="10" lemma="yi">yi </w></cl><cl><w n="11">ra</w><w n="12">tu</w><w n="13" lemma="ve">vē </w></cl><cl><w n="14">ya</w><w n="15">la</w><w n="16" lemma="ra">r</w><w n="17">mu</w><w n="18" lemma="lai">lai </w></cl><cl><w n="19">yā</w><w n="20">ka</w><w n="21" lemma="na">n </w></cl><cl><w n="22">tā</w><w n="23" lemma="ṅa">ṅ</w><w n="24" lemma="ki">ki </w></cl><cl><w n="25">ṇi</w><w n="26">la</w><w n="27">vo</w><w n="28" lemma="ḷi">ḷi </w></cl><cl><w n="29"/><w n="30">ma</w><w n="31">ti</w><w n="32" lemma="yi">yi </w></cl><cl><w n="33">ṉi</w><w n="34"/><w n="35">la</w><w n="36">vu</w><w n="37">me</w></cl><cl><w n="38" lemma="ṉa">ṉ </w><w n="39">ṉu</w><w n="40">yi</w><w n="41" lemma="re">rē</w></cl></text></TEI><TEI n="TNVcac"><text><cl><w n="0" lemma="pu"> pu</w><w n="1">la</w><w n="2">ṉe</w><w n="3" lemma="ṉa">ṉ </w></cl><cl><w n="4">ṟe</w><w n="5" lemma="ṉa">ṉ</w><w n="6" lemma="pa">pa </w></cl><cl><w n="7">vi</w><w n="8" lemma="ṉa">ṉ</w><w n="9">ṉu</w><w n="10" lemma="yi">yi </w></cl><cl><w n="11">ra</w><w n="12">tu</w><w n="13" lemma="ve">vē, </w></cl><cl><w n="14">ya</w><w n="15">la</w><w n="16" lemma="ra">r</w><w n="17">mu</w><w n="18" lemma="lai">lai </w></cl><cl><w n="19">yā</w><w n="20">ka</w><w n="21" lemma="na">n </w></cl><cl><w n="22">tā</w><w n="23" lemma="ṅa">ṅ</w><w n="24" lemma="ki">ki </w></cl><cl><w n="25">ni</w><w n="26">la</w><w n="27">vo</w><w n="28" lemma="ḷi">ḷi </w></cl><cl><w n="29"/><w n="30">ma</w><w n="31">ti</w><w n="32" lemma="yi">yi </w></cl><cl><w n="33">ṉi</w><w n="34"/><w n="35">la</w><w n="36">vu</w><w n="37" lemma="me">me </w></cl><cl><w n="38"/><w n="39">ṉu</w><w n="40">yi</w><w n="41" lemma="re">rē. </w></cl></text></TEI><TEI n="TNVms"><text><cl><w n="0">pu</w><w n="1">la</w><w n="2">ṉe</w><w n="3" lemma="ṉa">ṉ </w></cl><cl><w n="4">ṟe</w><w n="5" lemma="ṉa">ṉ</w><w n="6" lemma="pa">pa </w></cl><cl><w n="7">vi</w><w n="8" lemma="ṉa">ṉ</w><w n="9">ṉu</w><w n="10" lemma="yi">yi </w></cl><cl><w n="11">ra</w><w n="12">tu</w><w n="13" lemma="ve">vē </w></cl><cl><w n="14">ya</w><w n="15">la</w><w n="16" lemma="ra">r</w><w n="17">mu</w><w n="18" lemma="lai">lai </w></cl><cl><w n="19">yā</w><w n="20">ka</w><w n="21" lemma="na">n </w></cl><cl><w n="22">tā</w><w n="23" lemma="ṅa">ṅ</w><w n="24" lemma="ki">ki </w></cl><cl><w n="25">ni</w><w n="26">la</w><w n="27">vo</w><w n="28" lemma="ḷi">ḷi </w></cl><cl><w n="29"/><w n="30">ma</w><w n="31">ti</w><w n="32" lemma="yi">yi </w></cl><cl><w n="33">ṉi</w><w n="34"/><w n="35">la</w><w n="36">vu</w><w n="37" lemma="me">me </w></cl><cl><w n="38"/><w n="39">ṉu</w><w n="40">yi</w><w n="41" lemma="re">rē.</w></cl></text></TEI></teiCorpus>