<?xml version="1.0" encoding="UTF-8"?><teiCorpus xmlns="http://www.tei-c.org/ns/1.0" xml:lang="ta">
  <teiHeader>
<listWit><witness xml:id="KKms" source="KKms.xml"><abbr type="siglum">KKms</abbr><expan>KKms</expan><listWit><witness xml:id="KKmsac" n="ac"><abbr type="siglum">KKmsac</abbr><expan>KKms [ante correctionem]</expan></witness><witness xml:id="KKmspc" n="pc"><abbr type="siglum">KKmspc</abbr><expan>KKms [post correctionem]</expan></witness></listWit></witness><witness xml:id="KKed" source="KKprint.xml"><abbr type="siglum">KKed</abbr><expan>KKprint</expan><listWit><witness xml:id="KKedac" n="ac"><abbr type="siglum">KKedac</abbr><expan>KKprint [ante correctionem]</expan></witness><witness xml:id="KKedpc" n="pc"><abbr type="siglum">KKedpc</abbr><expan>KKprint [post correctionem]</expan></witness></listWit></witness><witness xml:id="KT2" source="KT2.xml"><abbr type="siglum">KT2</abbr><expan><title xmlns="http://www.tei-c.org/ns/1.0" xml:lang="ta">Kuṟuntokai</title> 2. <persName xmlns="http://www.tei-c.org/ns/1.0" xml:lang="ta">Iṟaiyaṉār</persName>: <i xmlns="http://www.tei-c.org/ns/1.0">HE</i></expan><listWit><witness xml:id="KT2-C2" select="#C2"><abbr type="siglum">KT2-C2</abbr><expan><title xmlns="http://www.tei-c.org/ns/1.0" xml:lang="ta">Kuṟuntokai</title> 2. <persName xmlns="http://www.tei-c.org/ns/1.0" xml:lang="ta">Iṟaiyaṉār</persName>: <i xmlns="http://www.tei-c.org/ns/1.0">HE</i> [witness C2]</expan></witness></listWit></witness><witness xml:id="KT40" source="KT40.xml"><abbr type="siglum">KT40</abbr><expan><title xmlns="http://www.tei-c.org/ns/1.0" xml:lang="ta">Kuṟuntokai</title> 40. <persName xmlns="http://www.tei-c.org/ns/1.0" xml:lang="ta">Cempulappeyaṉīrār</persName>: <i xmlns="http://www.tei-c.org/ns/1.0">HE / SHE</i></expan></witness><witness xml:id="NAed" source="NAprint.xml"><abbr type="siglum">NAed</abbr><expan>NAprint</expan></witness><witness xml:id="TNV1937" source="TNV_1937.xml"><abbr type="siglum">TNV1937</abbr><expan>TNV 1937</expan></witness><witness xml:id="TNV1947" source="TNV1947.xml"><abbr type="siglum">TNV1947</abbr><expan>TNV print</expan><listWit><witness xml:id="TNV1947ac" n="ac"><abbr type="siglum">TNV1947ac</abbr><expan>TNV print [ante correctionem]</expan></witness><witness xml:id="TNV1947pc" n="pc"><abbr type="siglum">TNV1947pc</abbr><expan>TNV print [post correctionem]</expan></witness></listWit></witness><witness xml:id="TKn" source="TolNa.xml"><abbr type="siglum">TKn</abbr><expan>Tolkāppiyam Nacci</expan></witness><witness xml:id="TKp" source="TolPe.xml"><abbr type="siglum">TKp</abbr><expan>Tolkāppiyam Pēr</expan></witness><witness xml:id="TNVc" source="UVSL_48032.xml"><abbr type="siglum">TNVc</abbr><expan>Tamiḻneṟi Viḷakkam Paper</expan><listWit><witness xml:id="TNVcac" n="ac"><abbr type="siglum">TNVcac</abbr><expan>Tamiḻneṟi Viḷakkam Paper [ante correctionem]</expan></witness><witness xml:id="TNVcpc" n="pc"><abbr type="siglum">TNVcpc</abbr><expan>Tamiḻneṟi Viḷakkam Paper [post correctionem]</expan></witness></listWit></witness><witness xml:id="TNVms" source="UVSLMS000950.xml"><abbr type="siglum">TNVms</abbr><expan>Tamiḻneṟi Viḷakkam</expan><listWit><witness xml:id="TNVmsac" n="ac"><abbr type="siglum">TNVmsac</abbr><expan>Tamiḻneṟi Viḷakkam [ante correctionem]</expan></witness><witness xml:id="TNVmspc" n="pc"><abbr type="siglum">TNVmspc</abbr><expan>Tamiḻneṟi Viḷakkam [post correctionem]</expan></witness></listWit></witness><witness xml:id="YV1960a" source="YV1960.xml"><abbr type="siglum">YV1960a</abbr><expan>YV1960</expan></witness><witness xml:id="YV1960b" source="YV1960.xml"><abbr type="siglum">YV1960b</abbr><expan>YV1960</expan></witness><witness xml:id="Ed" source="TNV15ed.xml"><abbr type="siglum">Ed</abbr><expan><title xmlns="http://www.tei-c.org/ns/1.0" xml:lang="ta">Tamiḻneṟi Viḷakkam</title> 15.</expan></witness></listWit>
    <encodingDesc>
      <editorialDecl>
        <normalization method="markup">
<ab>ignore punctuation</ab>
<ab>ignore long/short e</ab>
<ab>ignore long/short o</ab>
<ab>insert glide after back vowels</ab>
<ab>insert glide after front vowels</ab>
<ab>final -m sandhi variants</ab>
<ab>ignore puḷḷi</ab>
<ab>remove spaces</ab>
        </normalization>
        <ab type="tagfilters">
<tag subtype="ignore">pc</tag>
<tag subtype="ignore">abbr</tag>
<tag subtype="ignore">corr</tag>
<tag subtype="ignore">ex</tag>
<tag subtype="ignore">head</tag>
<tag subtype="ignore">label</tag>
<tag subtype="ignore">note</tag>
<tag subtype="ignore">num</tag>
<tag subtype="ignore">locus</tag>
<tag subtype="ignore">metamark</tag>
<tag subtype="ignore">supplied</tag>
<tag subtype="ignore">surplus</tag>
        </ab>
      </editorialDecl>
    </encodingDesc>
    <xenoData>
      <stemma format="nexml" id="stemma0"><nex:nexml xmlns:nex="http://www.nexml.org/2009" version="0.9"><nex:otus id="otus1"><nex:otu id="otu0" label="Ed"/><nex:otu id="otu1" label="TNV1937"/><nex:otu id="otu2" label="TNV1947"/><nex:otu id="otu3" label="TNVc"/><nex:otu id="otu4" label="TNVms"/></nex:otus><nex:trees otus="otus1" id="trees1"><nex:tree xmlns:xsi="http://www.w3.org/2001/XMLSchema-instance" id="guidetree" label="guidetree" xsi:type="nex:FloatTree"><nex:node id="836c2557-d093-408b-a8c7-e26353e36302" root="true"/><nex:node id="c5501540-a170-46e7-8814-1cd6d53d2508"/><nex:node id="de4a89e7-e57f-4963-98e1-b03f576b59d6"/><nex:node id="437a3e59-8dc8-4e2b-b601-a9e7a74e3f0b" label="Ed" otu="otu3"/><nex:node id="82b2fdf8-6c63-4037-83d8-c39b097a8a9d" label="TNV1937" otu="otu4"/><nex:node id="3b1a6b2e-fa4a-4256-ae69-1a8ead2fca82" label="TNV1947" otu="otu5"/><nex:node id="376323fc-1d6d-4032-9b70-a0a3a19c1d03"/><nex:node id="82f6719c-6c10-4ef0-a5b5-ca6793822ca1" label="TNVc" otu="otu7"/><nex:node id="49cebe6a-da39-45ae-bb57-8876487112ee" label="TNVms" otu="otu8"/><nex:edge source="836c2557-d093-408b-a8c7-e26353e36302" target="c5501540-a170-46e7-8814-1cd6d53d2508" id="edge0" length="0.5"/><nex:edge source="836c2557-d093-408b-a8c7-e26353e36302" target="376323fc-1d6d-4032-9b70-a0a3a19c1d03" id="edge1" length="0.5"/><nex:edge source="c5501540-a170-46e7-8814-1cd6d53d2508" target="de4a89e7-e57f-4963-98e1-b03f576b59d6" id="edge2" length="0"/><nex:edge source="c5501540-a170-46e7-8814-1cd6d53d2508" target="3b1a6b2e-fa4a-4256-ae69-1a8ead2fca82" id="edge3" length="0.5"/><nex:edge source="376323fc-1d6d-4032-9b70-a0a3a19c1d03" target="82f6719c-6c10-4ef0-a5b5-ca6793822ca1" id="edge4" length="0"/><nex:edge source="376323fc-1d6d-4032-9b70-a0a3a19c1d03" target="49cebe6a-da39-45ae-bb57-8876487112ee" id="edge5" length="0"/><nex:edge source="de4a89e7-e57f-4963-98e1-b03f576b59d6" target="437a3e59-8dc8-4e2b-b601-a9e7a74e3f0b" id="edge6" length="0"/><nex:edge source="de4a89e7-e57f-4963-98e1-b03f576b59d6" target="82b2fdf8-6c63-4037-83d8-c39b097a8a9d" id="edge7" length="0"/></nex:tree></nex:trees></nex:nexml></stemma>
    </xenoData>
  </teiHeader>
<TEI n="Ed"><text><cl><w n="0">e</w><w n="1" lemma="ṉa">ṉ</w><w n="2">pa</w><w n="3" lemma="tu">tu </w></cl><cl><w n="4" lemma="ve">e</w><w n="5" lemma="ya">y</w><w n="6">tu</w><w n="7" lemma="ta">ta </w></cl><cl><w n="8">la</w><w n="9">ru</w><w n="10" lemma="mai">mai.</w></cl></text></TEI><TEI n="TNV1937"><text><cl><w n="0">e</w><w n="1" lemma="ṉa">ṉ</w><w n="2">pa</w><w n="3" lemma="tu">tu </w></cl><cl><w n="4" lemma="ve">e</w><w n="5" lemma="ya">y</w><w n="6">tu</w><w n="7" lemma="ta">ta </w></cl><cl><w n="8">la</w><w n="9">ru</w><w n="10" lemma="mai">mai.</w></cl></text></TEI><TEI n="TNV1947"><text><cl><w n="0">e</w><w n="1" lemma="ṉa">ṉ</w><w n="2">pa</w><w n="3" lemma="tu">tu </w></cl><cl><w n="4" lemma="ve">e</w><w n="5" lemma="ya">y</w><w n="6">tu</w><w n="7" lemma="ta">ta </w></cl><cl><w n="8">la</w><w n="9">ru</w><w n="10" lemma="mai">mai.</w></cl></text></TEI><TEI n="TNVc"><text><cl><w n="0">e</w><w n="1" lemma="ṉa">ṉ</w><w n="2">pa</w><w n="3">te</w></cl><cl><w n="4"/><w n="5" lemma="ya">y</w><w n="6">tu</w><w n="7" lemma="ta">ta </w></cl><cl><w n="8">la</w><w n="9">ru</w><w n="10" lemma="mai">mai.</w></cl></text></TEI><TEI n="TNVms"><text><cl><w n="0">e</w><w n="1" lemma="ṉa">ṉ</w><w n="2">pa</w><w n="3">te</w></cl><cl><w n="4"/><w n="5" lemma="ya">y</w><w n="6">tu</w><w n="7" lemma="ta">ta </w></cl><cl><w n="8">la</w><w n="9">ru</w><w n="10" lemma="mai">mai.</w></cl></text></TEI></teiCorpus>