<?xml version="1.0" encoding="UTF-8"?><teiCorpus xmlns="http://www.tei-c.org/ns/1.0" xml:lang="ta">
  <teiHeader>
<listWit><witness xml:id="Ed" source="TNV15ed.xml"><abbr type="siglum">Ed</abbr><expan><title xmlns="http://www.tei-c.org/ns/1.0" xml:lang="ta">Tamiḻneṟi Viḷakkam</title> 15.</expan></witness><witness xml:id="KKms" source="KKms.xml"><abbr type="siglum">KKms</abbr><expan>KKms</expan><listWit><witness xml:id="KKmsac" n="ac"><abbr type="siglum">KKmsac</abbr><expan>KKms [ante correctionem]</expan></witness><witness xml:id="KKmspc" n="pc"><abbr type="siglum">KKmspc</abbr><expan>KKms [post correctionem]</expan></witness></listWit></witness><witness xml:id="KKed" source="KKprint.xml"><abbr type="siglum">KKed</abbr><expan>KKprint</expan><listWit><witness xml:id="KKedac" n="ac"><abbr type="siglum">KKedac</abbr><expan>KKprint [ante correctionem]</expan></witness><witness xml:id="KKedpc" n="pc"><abbr type="siglum">KKedpc</abbr><expan>KKprint [post correctionem]</expan></witness></listWit></witness><witness xml:id="KT2" source="KT2.xml"><abbr type="siglum">KT2</abbr><expan><title xmlns="http://www.tei-c.org/ns/1.0" xml:lang="ta">Kuṟuntokai</title> 2. <persName xmlns="http://www.tei-c.org/ns/1.0" xml:lang="ta">Iṟaiyaṉār</persName>: <i xmlns="http://www.tei-c.org/ns/1.0">HE</i></expan><listWit><witness xml:id="KT2-C2" select="#C2"><abbr type="siglum">KT2-C2</abbr><expan><title xmlns="http://www.tei-c.org/ns/1.0" xml:lang="ta">Kuṟuntokai</title> 2. <persName xmlns="http://www.tei-c.org/ns/1.0" xml:lang="ta">Iṟaiyaṉār</persName>: <i xmlns="http://www.tei-c.org/ns/1.0">HE</i> [witness C2]</expan></witness></listWit></witness><witness xml:id="KT40" source="KT40.xml"><abbr type="siglum">KT40</abbr><expan><title xmlns="http://www.tei-c.org/ns/1.0" xml:lang="ta">Kuṟuntokai</title> 40. <persName xmlns="http://www.tei-c.org/ns/1.0" xml:lang="ta">Cempulappeyaṉīrār</persName>: <i xmlns="http://www.tei-c.org/ns/1.0">HE / SHE</i></expan></witness><witness xml:id="NAed" source="NAprint.xml"><abbr type="siglum">NAed</abbr><expan>NAprint</expan></witness><witness xml:id="TNV1937" source="TNV_1937.xml"><abbr type="siglum">TNV1937</abbr><expan>TNV 1937</expan></witness><witness xml:id="TNV1947" source="TNV1947.xml"><abbr type="siglum">TNV1947</abbr><expan>TNV print</expan><listWit><witness xml:id="TNV1947ac" n="ac"><abbr type="siglum">TNV1947ac</abbr><expan>TNV print [ante correctionem]</expan></witness><witness xml:id="TNV1947pc" n="pc"><abbr type="siglum">TNV1947pc</abbr><expan>TNV print [post correctionem]</expan></witness></listWit></witness><witness xml:id="TKn" source="TolNa.xml"><abbr type="siglum">TKn</abbr><expan>Tolkāppiyam Nacci</expan></witness><witness xml:id="TKp" source="TolPe.xml"><abbr type="siglum">TKp</abbr><expan>Tolkāppiyam Pēr</expan></witness><witness xml:id="TNVc" source="UVSL_48032.xml"><abbr type="siglum">TNVc</abbr><expan>Tamiḻneṟi Viḷakkam Paper</expan><listWit><witness xml:id="TNVcac" n="ac"><abbr type="siglum">TNVcac</abbr><expan>Tamiḻneṟi Viḷakkam Paper [ante correctionem]</expan></witness><witness xml:id="TNVcpc" n="pc"><abbr type="siglum">TNVcpc</abbr><expan>Tamiḻneṟi Viḷakkam Paper [post correctionem]</expan></witness></listWit></witness><witness xml:id="TNVms" source="UVSLMS000950.xml"><abbr type="siglum">TNVms</abbr><expan>Tamiḻneṟi Viḷakkam</expan><listWit><witness xml:id="TNVmsac" n="ac"><abbr type="siglum">TNVmsac</abbr><expan>Tamiḻneṟi Viḷakkam [ante correctionem]</expan></witness><witness xml:id="TNVmspc" n="pc"><abbr type="siglum">TNVmspc</abbr><expan>Tamiḻneṟi Viḷakkam [post correctionem]</expan></witness></listWit></witness><witness xml:id="YV1960a" source="YV1960.xml"><abbr type="siglum">YV1960a</abbr><expan>YV1960</expan></witness><witness xml:id="YV1960b" source="YV1960.xml"><abbr type="siglum">YV1960b</abbr><expan>YV1960</expan></witness></listWit>
    <encodingDesc>
      <editorialDecl>
        <normalization method="markup">
<ab>ignore punctuation</ab>
<ab>ignore long/short e</ab>
<ab>ignore long/short o</ab>
<ab>insert glide after back vowels</ab>
<ab>insert glide after front vowels</ab>
<ab>final -m sandhi variants</ab>
<ab>final -m elision</ab>
<ab>final -ṇ sandhi</ab>
<ab>final -ṉ sandhi</ab>
<ab>final -l sandhi</ab>
<ab>final -ḷ sandhi</ab>
<ab>ignore puḷḷi</ab>
<ab>remove spaces</ab>
        </normalization>
        <ab type="tagfilters">
<tag subtype="ignore">pc</tag>
<tag subtype="ignore">abbr</tag>
<tag subtype="ignore">corr</tag>
<tag subtype="ignore">ex</tag>
<tag subtype="ignore">head</tag>
<tag subtype="ignore">label</tag>
<tag subtype="ignore">note</tag>
<tag subtype="ignore">num</tag>
<tag subtype="ignore">locus</tag>
<tag subtype="ignore">metamark</tag>
<tag subtype="ignore">supplied</tag>
<tag subtype="ignore">surplus</tag>
        </ab>
      </editorialDecl>
    </encodingDesc>
    <xenoData>
      <stemma format="nexml" id="stemma0"><nex:nexml xmlns:nex="http://www.nexml.org/2009" version="0.9"><nex:otus id="otus1"><nex:otu id="otu0" label="TNV1947"/><nex:otu id="otu1" label="TNVc"/><nex:otu id="otu2" label="Ed"/><nex:otu id="otu3" label="TNV1937"/><nex:otu id="otu4" label="TNVms"/></nex:otus><nex:trees otus="otus1" id="trees1"><nex:tree xmlns:xsi="http://www.w3.org/2001/XMLSchema-instance" id="guidetree" label="guidetree" xsi:type="nex:FloatTree"><nex:node id="401f52c5-5ff9-4d3b-8728-44a8666db628" root="true"/><nex:node id="f5717483-847a-44a0-9130-a09ac07f3673"/><nex:node id="85f32361-7e54-4796-ac86-355eae685ef5" label="TNV1947" otu="otu2"/><nex:node id="3456b913-f528-45d1-bb10-339dd915a3e0" label="TNVc" otu="otu3"/><nex:node id="daaef4e4-54a7-4efc-94c5-69da53f0f44a"/><nex:node id="85ab645e-3a2c-4908-809f-7c5644b34164"/><nex:node id="2ab21efa-2129-48cb-bc7d-8dc2edf0f1db" label="Ed" otu="otu6"/><nex:node id="11f89408-81c8-47b8-b49d-609abb5f8d5f" label="TNV1937" otu="otu7"/><nex:node id="8d9fabb8-aa53-464a-a5d0-8cd3e2616146" label="TNVms" otu="otu8"/><nex:edge source="401f52c5-5ff9-4d3b-8728-44a8666db628" target="f5717483-847a-44a0-9130-a09ac07f3673" id="edge0" length="0"/><nex:edge source="401f52c5-5ff9-4d3b-8728-44a8666db628" target="daaef4e4-54a7-4efc-94c5-69da53f0f44a" id="edge1" length="0"/><nex:edge source="f5717483-847a-44a0-9130-a09ac07f3673" target="85f32361-7e54-4796-ac86-355eae685ef5" id="edge2" length="0.5"/><nex:edge source="f5717483-847a-44a0-9130-a09ac07f3673" target="3456b913-f528-45d1-bb10-339dd915a3e0" id="edge3" length="0.5"/><nex:edge source="daaef4e4-54a7-4efc-94c5-69da53f0f44a" target="85ab645e-3a2c-4908-809f-7c5644b34164" id="edge4" length="0"/><nex:edge source="daaef4e4-54a7-4efc-94c5-69da53f0f44a" target="8d9fabb8-aa53-464a-a5d0-8cd3e2616146" id="edge5" length="1"/><nex:edge source="85ab645e-3a2c-4908-809f-7c5644b34164" target="2ab21efa-2129-48cb-bc7d-8dc2edf0f1db" id="edge6" length="0.5"/><nex:edge source="85ab645e-3a2c-4908-809f-7c5644b34164" target="11f89408-81c8-47b8-b49d-609abb5f8d5f" id="edge7" length="0.5"/></nex:tree></nex:trees></nex:nexml></stemma>
    </xenoData>
  </teiHeader>
<TEI n="TNV1947"><text><cl><w n="0" lemma="ka"> ka</w><w n="1">ṉa</w><w n="2" lemma="ve">vē </w></cl><cl><w n="3">yā</w><w n="4">yi</w><w n="5" lemma="ṉu">ṉu </w></cl><cl><w n="6">na</w><w n="7">ṉa</w><w n="8" lemma="ve">vē </w></cl><cl><w n="9">yā</w><w n="10">yi</w><w n="11">ṉu</w><w n="12" lemma="na">m na</w><w n="13" lemma="la">l</w><w n="14">vi</w><w n="15" lemma="ṉai">ṉai </w></cl><cl><w n="16">ta</w><w n="17" lemma="na">n</w><w n="18">ta</w><w n="19">to</w><w n="20" lemma="ṉa">ṉ </w></cl><cl><w n="21">ṟa</w><w n="22" lemma="ṉa">ṉ</w><w n="23" lemma="ṟe">ṟē </w></cl><cl><w n="24">ya</w><w n="25">ta</w><w n="26">ṉā</w><w n="27" lemma="ṉa">l </w></cl><cl><w n="28">me</w><w n="29" lemma="la">l</w><w n="30">li</w><w n="31" lemma="ya">ya </w></cl><cl><w n="32">lā</w><w n="33">ka</w><w n="34" lemma="me">m mē</w><w n="35">va</w><w n="36">vu</w><w n="37" lemma="ma">m </w></cl><cl><w n="38">pe</w><w n="39">ṟu</w><w n="40" lemma="me">mē</w></cl></text></TEI><TEI n="TNVc"><text><cl><w n="0" lemma="ka"> ka</w><w n="1">ṉa</w><w n="2" lemma="ve">vē </w></cl><cl><w n="3">yā</w><w n="4">yi</w><w n="5" lemma="ṉu">ṉu </w></cl><cl><w n="6">na</w><w n="7">ṉa</w><w n="8" lemma="ve">vē </w></cl><cl><w n="9">yā</w><w n="10">yi</w><w n="11" lemma="ṉu">ṉu </w><w n="12">na</w><w n="13" lemma="la">l</w><w n="14">vi</w><w n="15" lemma="ṉai">ṉai </w></cl><cl><w n="16">ta</w><w n="17" lemma="na">n</w><w n="18">ta</w><w n="19">to</w><w n="20" lemma="ṉa">ṉ </w></cl><cl><w n="21">ṟa</w><w n="22" lemma="ṉa">ṉ</w><w n="23" lemma="ṟe">ṟē </w></cl><cl><w n="24">ya</w><w n="25">ta</w><w n="26">ṉā</w><w n="27" lemma="ṉa">ṉ </w></cl><cl><w n="28">me</w><w n="29" lemma="la">l</w><w n="30">li</w><w n="31" lemma="ya">ya </w></cl><cl><w n="32">lā</w><w n="33" lemma="ka">ka </w><w n="34" lemma="me">mē</w><w n="35">va</w><w n="36">vu</w><w n="37" lemma="ma">m </w></cl><cl><w n="38">pe</w><w n="39">ṟu</w><w n="40" lemma="me">mē. </w></cl></text></TEI><TEI n="Ed"><text><cl><w n="0" lemma="ka"> ka</w><w n="1">ṉa</w><w n="2" lemma="ve">vē </w></cl><cl><w n="3">yā</w><w n="4">yi</w><w n="5" lemma="ṉu">ṉu </w></cl><cl><w n="6">na</w><w n="7">ṉa</w><w n="8" lemma="ve">vē </w></cl><cl><w n="9">yā</w><w n="10">yi</w><w n="11">ṉu</w><w n="12" lemma="na">m na</w><w n="13" lemma="la">l</w><w n="14">vi</w><w n="15" lemma="ṉai">ṉai </w></cl><cl><w n="16">ta</w><w n="17" lemma="na">n</w><w n="18">ta</w><w n="19">to</w><w n="20" lemma="ṉa">ṉ </w></cl><cl><w n="21">ṟa</w><w n="22" lemma="ṉa">ṉ</w><w n="23" lemma="ṟe">ṟē </w></cl><cl><w n="24">ya</w><w n="25">ta</w><w n="26">ṉā</w><w n="27" lemma="ṉa">l </w></cl><cl><w n="28">me</w><w n="29" lemma="la">l</w><w n="30">li</w><w n="31" lemma="ya">ya </w></cl><cl><w n="32">lā</w><w n="33">ka</w><w n="34" lemma="me">m mē</w><w n="35">va</w><w n="36">vu</w><w n="37" lemma="ma">m </w></cl><cl><w n="38">pe</w><w n="39">ṟu</w><w n="40" lemma="me">mē </w></cl></text></TEI><TEI n="TNV1937"><text><cl><w n="0" lemma="ka"> ka</w><w n="1">ṉa</w><w n="2" lemma="ve">vē </w></cl><cl><w n="3">yā</w><w n="4">yi</w><w n="5" lemma="ṉu">ṉu </w></cl><cl><w n="6">na</w><w n="7">ṉa</w><w n="8" lemma="ve">vē </w></cl><cl><w n="9">yā</w><w n="10">yi</w><w n="11">ṉu</w><w n="12" lemma="na">m na</w><w n="13" lemma="la">l</w><w n="14">vi</w><w n="15" lemma="ṉai">ṉai </w></cl><cl><w n="16">ta</w><w n="17" lemma="na">n</w><w n="18">ta</w><w n="19">to</w><w n="20" lemma="ṉa">ṉ </w></cl><cl><w n="21">ṟa</w><w n="22" lemma="ṉa">ṉ</w><w n="23" lemma="ṟe">ṟē </w></cl><cl><w n="24">ya</w><w n="25">ta</w><w n="26">ṉā</w><w n="27" lemma="ṉa">l </w></cl><cl><w n="28">me</w><w n="29" lemma="la">l</w><w n="30">li</w><w n="31" lemma="ya">ya </w></cl><cl><w n="32">lā</w><w n="33">ka</w><w n="34" lemma="me">m mē</w><w n="35">va</w><w n="36">vu</w><w n="37" lemma="ma">m </w></cl><cl><w n="38">pe</w><w n="39">ṟu</w><w n="40" lemma="me">mē</w></cl></text></TEI><TEI n="TNVms"><text><cl><w n="0" lemma="ka"> ka</w><w n="1">ṉa</w><w n="2" lemma="ve">vē </w></cl><cl><w n="3">yā</w><w n="4">yi</w><w n="5" lemma="ṉu">ṉu </w></cl><cl><w n="6">na</w><w n="7">ṉa</w><w n="8" lemma="ve">vē </w></cl><cl><w n="9">yā</w><w n="10">yi</w><w n="11" lemma="ṉu">ṉu </w><w n="12">na</w><w n="13" lemma="la">l</w><w n="14">vi</w><w n="15" lemma="ṉai">ṉai </w></cl><cl><w n="16">ta</w><w n="17" lemma="na">n</w><w n="18">ta</w><w n="19">to</w><w n="20" lemma="ṉa">ṉ </w></cl><cl><w n="21">ṟa</w><w n="22" lemma="ṉa">ṉ</w><w n="23" lemma="ṟe">ṟē </w></cl><cl><w n="24">ya</w><w n="25">ta</w><w n="26">ṉā</w><w n="27" lemma="ṉa">ṉ </w></cl><cl><w n="28">me</w><w n="29" lemma="la">l</w><w n="30">li</w><w n="31" lemma="ya">ya </w></cl><cl><w n="32">lā</w><w n="33" lemma="ka">ka </w><w n="34" lemma="me">mē</w><w n="35">va</w><w n="36">vu</w><w n="37" lemma="ma">m </w></cl><cl><w n="38">pe</w><w n="39">ṟu</w><w n="40" lemma="me">mē.</w></cl></text></TEI></teiCorpus>