<?xml version="1.0" encoding="UTF-8"?><teiCorpus xmlns="http://www.tei-c.org/ns/1.0" xml:lang="ta">
  <teiHeader>
<listWit><witness xml:id="KKms" source="KKms.xml"><abbr type="siglum">KKms</abbr><expan>KKms</expan><listWit><witness xml:id="KKmsac" n="ac"><abbr type="siglum">KKmsac</abbr><expan>KKms [ante correctionem]</expan></witness><witness xml:id="KKmspc" n="pc"><abbr type="siglum">KKmspc</abbr><expan>KKms [post correctionem]</expan></witness></listWit></witness><witness xml:id="KKed" source="KKprint.xml"><abbr type="siglum">KKed</abbr><expan>KKprint</expan><listWit><witness xml:id="KKedac" n="ac"><abbr type="siglum">KKedac</abbr><expan>KKprint [ante correctionem]</expan></witness><witness xml:id="KKedpc" n="pc"><abbr type="siglum">KKedpc</abbr><expan>KKprint [post correctionem]</expan></witness></listWit></witness><witness xml:id="KT2" source="KT2.xml"><abbr type="siglum">KT2</abbr><expan><title xmlns="http://www.tei-c.org/ns/1.0" xml:lang="ta">Kuṟuntokai</title> 2. <persName xmlns="http://www.tei-c.org/ns/1.0" xml:lang="ta">Iṟaiyaṉār</persName>: <i xmlns="http://www.tei-c.org/ns/1.0">HE</i></expan><listWit><witness xml:id="KT2-C2" select="#C2"><abbr type="siglum">KT2-C2</abbr><expan><title xmlns="http://www.tei-c.org/ns/1.0" xml:lang="ta">Kuṟuntokai</title> 2. <persName xmlns="http://www.tei-c.org/ns/1.0" xml:lang="ta">Iṟaiyaṉār</persName>: <i xmlns="http://www.tei-c.org/ns/1.0">HE</i> [witness C2]</expan></witness></listWit></witness><witness xml:id="KT40" source="KT40.xml"><abbr type="siglum">KT40</abbr><expan><title xmlns="http://www.tei-c.org/ns/1.0" xml:lang="ta">Kuṟuntokai</title> 40. <persName xmlns="http://www.tei-c.org/ns/1.0" xml:lang="ta">Cempulappeyaṉīrār</persName>: <i xmlns="http://www.tei-c.org/ns/1.0">HE / SHE</i></expan></witness><witness xml:id="NAed" source="NAprint.xml"><abbr type="siglum">NAed</abbr><expan>NAprint</expan></witness><witness xml:id="TNV1937" source="TNV_1937.xml"><abbr type="siglum">TNV1937</abbr><expan>TNV 1937</expan></witness><witness xml:id="TNV1947" source="TNV1947.xml"><abbr type="siglum">TNV1947</abbr><expan>TNV print</expan><listWit><witness xml:id="TNV1947ac" n="ac"><abbr type="siglum">TNV1947ac</abbr><expan>TNV print [ante correctionem]</expan></witness><witness xml:id="TNV1947pc" n="pc"><abbr type="siglum">TNV1947pc</abbr><expan>TNV print [post correctionem]</expan></witness></listWit></witness><witness xml:id="TKn" source="TolNa.xml"><abbr type="siglum">TKn</abbr><expan>Tolkāppiyam Nacci</expan></witness><witness xml:id="TKp" source="TolPe.xml"><abbr type="siglum">TKp</abbr><expan>Tolkāppiyam Pēr</expan></witness><witness xml:id="TNVc" source="UVSL_48032.xml"><abbr type="siglum">TNVc</abbr><expan>Tamiḻneṟi Viḷakkam Paper</expan><listWit><witness xml:id="TNVcac" n="ac"><abbr type="siglum">TNVcac</abbr><expan>Tamiḻneṟi Viḷakkam Paper [ante correctionem]</expan></witness><witness xml:id="TNVcpc" n="pc"><abbr type="siglum">TNVcpc</abbr><expan>Tamiḻneṟi Viḷakkam Paper [post correctionem]</expan></witness></listWit></witness><witness xml:id="TNVms" source="UVSLMS000950.xml"><abbr type="siglum">TNVms</abbr><expan>Tamiḻneṟi Viḷakkam</expan><listWit><witness xml:id="TNVmsac" n="ac"><abbr type="siglum">TNVmsac</abbr><expan>Tamiḻneṟi Viḷakkam [ante correctionem]</expan></witness><witness xml:id="TNVmspc" n="pc"><abbr type="siglum">TNVmspc</abbr><expan>Tamiḻneṟi Viḷakkam [post correctionem]</expan></witness></listWit></witness><witness xml:id="YV1960a" source="YV1960.xml"><abbr type="siglum">YV1960a</abbr><expan>YV1960</expan></witness><witness xml:id="YV1960b" source="YV1960.xml"><abbr type="siglum">YV1960b</abbr><expan>YV1960</expan></witness><witness xml:id="Ed" source="TNV15ed.xml"><abbr type="siglum">Ed</abbr><expan><title xmlns="http://www.tei-c.org/ns/1.0" xml:lang="ta">Tamiḻneṟi Viḷakkam</title> 15.</expan></witness></listWit>
    <encodingDesc>
      <editorialDecl>
        <normalization method="markup">
<ab>ignore punctuation</ab>
<ab>ignore long/short e</ab>
<ab>ignore long/short o</ab>
<ab>insert glide after back vowels</ab>
<ab>insert glide after front vowels</ab>
<ab>final -m sandhi variants</ab>
<ab>ignore puḷḷi</ab>
<ab>remove spaces</ab>
        </normalization>
        <ab type="tagfilters">
<tag subtype="ignore">pc</tag>
<tag subtype="ignore">abbr</tag>
<tag subtype="ignore">corr</tag>
<tag subtype="ignore">ex</tag>
<tag subtype="ignore">head</tag>
<tag subtype="ignore">label</tag>
<tag subtype="ignore">note</tag>
<tag subtype="ignore">num</tag>
<tag subtype="ignore">locus</tag>
<tag subtype="ignore">metamark</tag>
<tag subtype="ignore">supplied</tag>
<tag subtype="ignore">surplus</tag>
        </ab>
      </editorialDecl>
    </encodingDesc>
    <xenoData>
      <stemma format="nexml" id="stemma0"><nex:nexml xmlns:nex="http://www.nexml.org/2009" version="0.9"><nex:otus id="otus1"><nex:otu id="otu0" label="Ed"/><nex:otu id="otu1" label="KT2"/><nex:otu id="otu2" label="TNV1937"/><nex:otu id="otu3" label="TNV1947"/><nex:otu id="otu4" label="TNVc"/><nex:otu id="otu5" label="TNVmspc"/><nex:otu id="otu6" label="TNVmsac"/></nex:otus><nex:trees otus="otus1" id="trees1"><nex:tree xmlns:xsi="http://www.w3.org/2001/XMLSchema-instance" id="guidetree" label="guidetree" xsi:type="nex:FloatTree"><nex:node id="01ac757d-50c0-41e4-b209-b2067bceb7d9" root="true"/><nex:node id="722be861-5ddc-4522-8853-625e1bff80a3"/><nex:node id="1b9e9e6c-1a20-4173-a7d6-6c2381a62115"/><nex:node id="c063d568-004e-4c98-a51e-460124ad99dd" label="Ed" otu="otu3"/><nex:node id="0f3a830b-2ab9-4855-8a6a-957823b576c9" label="KT2" otu="otu4"/><nex:node id="121a77e6-cb11-436e-a579-a9313ff307db"/><nex:node id="78f704f0-288e-445f-9734-aa3f7d83c78a" label="TNV1937" otu="otu6"/><nex:node id="1b7a2f15-0397-497f-b3f0-255d42d7d270" label="TNV1947" otu="otu7"/><nex:node id="db868c00-2833-4682-b781-1f45c7f13b07"/><nex:node id="cac947cc-ff17-468a-b6ee-933d06420672"/><nex:node id="82e10875-4b30-4746-8e04-9821050ac826" label="TNVc" otu="otu10"/><nex:node id="4e76a9dd-04d2-42a7-80b3-a10f01b2c39d" label="TNVmspc" otu="otu11"/><nex:node id="d348733f-3f9b-4f41-bf16-f46ccdea9e96" label="TNVmsac" otu="otu12"/><nex:edge source="01ac757d-50c0-41e4-b209-b2067bceb7d9" target="722be861-5ddc-4522-8853-625e1bff80a3" id="edge0" length="0.24666242971234428"/><nex:edge source="01ac757d-50c0-41e4-b209-b2067bceb7d9" target="db868c00-2833-4682-b781-1f45c7f13b07" id="edge1" length="0.24666242971234428"/><nex:edge source="722be861-5ddc-4522-8853-625e1bff80a3" target="1b9e9e6c-1a20-4173-a7d6-6c2381a62115" id="edge2" length="0.2169626570392043"/><nex:edge source="722be861-5ddc-4522-8853-625e1bff80a3" target="121a77e6-cb11-436e-a579-a9313ff307db" id="edge3" length="0.26396004087853014"/><nex:edge source="db868c00-2833-4682-b781-1f45c7f13b07" target="cac947cc-ff17-468a-b6ee-933d06420672" id="edge4" length="0.1584165379110278"/><nex:edge source="db868c00-2833-4682-b781-1f45c7f13b07" target="d348733f-3f9b-4f41-bf16-f46ccdea9e96" id="edge5" length="0.31406025824397643"/><nex:edge source="1b9e9e6c-1a20-4173-a7d6-6c2381a62115" target="c063d568-004e-4c98-a51e-460124ad99dd" id="edge6" length="0"/><nex:edge source="1b9e9e6c-1a20-4173-a7d6-6c2381a62115" target="0f3a830b-2ab9-4855-8a6a-957823b576c9" id="edge7" length="0"/><nex:edge source="121a77e6-cb11-436e-a579-a9313ff307db" target="78f704f0-288e-445f-9734-aa3f7d83c78a" id="edge8" length="0"/><nex:edge source="121a77e6-cb11-436e-a579-a9313ff307db" target="1b7a2f15-0397-497f-b3f0-255d42d7d270" id="edge9" length="0"/><nex:edge source="cac947cc-ff17-468a-b6ee-933d06420672" target="82e10875-4b30-4746-8e04-9821050ac826" id="edge10" length="5.551115123125783e-17"/><nex:edge source="cac947cc-ff17-468a-b6ee-933d06420672" target="4e76a9dd-04d2-42a7-80b3-a10f01b2c39d" id="edge11" length="5.551115123125783e-17"/></nex:tree></nex:trees></nex:nexml></stemma>
    </xenoData>
  </teiHeader>
<TEI n="Ed"><text><cl><w n="0" lemma="ko"> ko</w><w n="1" lemma="ṅa">ṅ</w><w n="2">ku</w><w n="3" lemma="te">tē</w><w n="4" lemma="ra">r </w></cl><cl><w n="5">vā</w><w n="6" lemma="ḻa">ḻ</w><w n="7" lemma="ka">k</w><w n="8" lemma="kai">kai </w></cl><cl><w n="9">ya</w><w n="10" lemma="ña">ñ</w><w n="11">ci</w><w n="12">ṟai</w><w n="13" lemma="ta">t </w></cl><cl><w n="14">tu</w><w n="15" lemma="ma">m</w><w n="16" lemma="pi">pi </w></cl><cl><w n="17">kā</w><w n="18">ma</w><w n="19" lemma="ña">ñ </w></cl><cl><w n="20">ce</w><w n="21" lemma="pa">p</w><w n="22">pā</w><w n="23" lemma="tu">tu </w></cl><cl><w n="24">ka</w><w n="25" lemma="ṇa">ṇ</w><w n="26">ṭa</w><w n="27" lemma="tu">tu </w></cl><cl><w n="28">mo</w><w n="29">ḻi</w><w n="30" lemma="mo">mō </w></cl><cl><w n="31">pa</w><w n="32">yi</w><w n="33">li</w><w n="34">ya</w><w n="35" lemma="tu">tu </w></cl><cl><w n="36">ke</w><w n="37">ḻī</w><w n="38">i</w><w n="39" lemma="ya">ya </w></cl><cl><w n="40">na</w><w n="41" lemma="ṭa">ṭ</w><w n="42">pi</w><w n="43" lemma="ṉa">ṉ </w></cl><cl><w n="44">ma</w><w n="45">yi</w><w n="46">li</w><w n="47">ya</w><w n="48" lemma="ṟa">ṟ </w></cl><cl><w n="49">ce</w><w n="50">ṟi</w><w n="51">ye</w><w n="52">yi</w><w n="53" lemma="ṟa">ṟ </w></cl><cl><w n="54">ṟa</w><w n="55">ri</w><w n="56" lemma="vai">vai </w></cl><cl><w n="57">kū</w><w n="58" lemma="na">n</w><w n="59">ta</w><w n="60" lemma="li">li </w></cl><cl><w n="61">ṉa</w><w n="62"/><w n="63">ṟi</w><w n="64">ya</w><w n="65" lemma="vu">vu </w></cl><cl><w n="66">mu</w><w n="67">ḷa</w><w n="68" lemma="vo">vō</w><w n="69" lemma="nī">nī </w></cl><cl><w n="70">ya</w><w n="71">ṟi</w><w n="72">yu</w><w n="73" lemma="ma">m </w></cl><cl><w n="74">pū</w><w n="75" lemma="ve">vē </w></cl></text></TEI><TEI n="KT2"><text><cl><w n="0" lemma="ko"> ko</w><w n="1" lemma="ṅa">ṅ</w><w n="2">ku</w><w n="3" lemma="te">tē</w><w n="4" lemma="ra">r </w></cl><cl><w n="5">vā</w><w n="6" lemma="ḻa">ḻ</w><w n="7" lemma="ka">k</w><w n="8" lemma="kai">kai </w></cl><cl><w n="9">ya</w><w n="10" lemma="ña">ñ</w><w n="11">ci</w><w n="12">ṟai</w><w n="13" lemma="ta">t </w></cl><cl><w n="14">tu</w><w n="15" lemma="ma">m</w><w n="16" lemma="pi">pi </w></cl><cl><w n="17">kā</w><w n="18">ma</w><w n="19" lemma="ña">ñ </w></cl><cl><w n="20">ce</w><w n="21" lemma="pa">p</w><w n="22">pā</w><w n="23" lemma="tu">tu </w></cl><cl><w n="24">ka</w><w n="25" lemma="ṇa">ṇ</w><w n="26">ṭa</w><w n="27" lemma="tu">tu </w></cl><cl><w n="28">mo</w><w n="29">ḻi</w><w n="30" lemma="mo">mō </w></cl><cl><w n="31">pa</w><w n="32">yi</w><w n="33">li</w><w n="34">ya</w><w n="35" lemma="tu">tu </w></cl><cl><w n="36">ke</w><w n="37">ḻī</w><w n="38">i</w><w n="39" lemma="ya">ya </w></cl><cl><w n="40">na</w><w n="41" lemma="ṭa">ṭ</w><w n="42">pi</w><w n="43" lemma="ṉa">ṉ </w></cl><cl><w n="44">ma</w><w n="45">yi</w><w n="46">li</w><w n="47">ya</w><w n="48" lemma="ṟa">ṟ </w></cl><cl><w n="49">ce</w><w n="50">ṟi</w><w n="51">ye</w><w n="52">yi</w><w n="53" lemma="ṟa">ṟ </w></cl><cl><w n="54">ṟa</w><w n="55">ri</w><w n="56" lemma="vai">vai </w></cl><cl><w n="57">kū</w><w n="58" lemma="na">n</w><w n="59">ta</w><w n="60" lemma="li">li </w></cl><cl><w n="61">ṉa</w><w n="62"/><w n="63">ṟi</w><w n="64">ya</w><w n="65" lemma="vu">vu </w></cl><cl><w n="66">mu</w><w n="67">ḷa</w><w n="68" lemma="vo">vō</w><w n="69" lemma="nī">nī </w></cl><cl><w n="70">ya</w><w n="71">ṟi</w><w n="72">yu</w><w n="73" lemma="ma">m </w></cl><cl><w n="74">pū</w><w n="75" lemma="ve">vē. </w></cl></text></TEI><TEI n="TNV1937"><text><cl><w n="0" lemma="ko"> ko</w><w n="1" lemma="ṅa">ṅ</w><w n="2">ku</w><w n="3" lemma="te">tē</w><w n="4" lemma="ra">r </w></cl><cl><w n="5">vā</w><w n="6" lemma="ḻa">ḻ</w><w n="7" lemma="ka">k</w><w n="8" lemma="kai">kai </w></cl><cl><w n="9">ya</w><w n="10" lemma="ña">ñ</w><w n="11">ci</w><w n="12">ṟai</w><w n="13" lemma="ta">t </w></cl><cl><w n="14">tu</w><w n="15" lemma="ma">m</w><w n="16" lemma="pi">pi </w></cl><cl><w n="17">kā</w><w n="18">ma</w><w n="19" lemma="ña">ñ </w></cl><cl><w n="20">ce</w><w n="21" lemma="pa">p</w><w n="22">pā</w><w n="23" lemma="tu">tu </w></cl><cl><w n="24">ka</w><w n="25" lemma="ṇa">ṇ</w><w n="26">ṭa</w><w n="27" lemma="tu">tu </w></cl><cl><w n="28">mo</w><w n="29">ḻi</w><w n="30" lemma="mo">mō </w></cl><cl><w n="31">pa</w><w n="32">yi</w><w n="33">li</w><w n="34">ya</w><w n="35" lemma="tu">tu </w></cl><cl><w n="36">ke</w><w n="37">ḻī</w><w n="38">i</w><w n="39" lemma="ya">ya </w></cl><cl><w n="40">na</w><w n="41" lemma="ṭa">ṭ</w><w n="42">pi</w><w n="43" lemma="ṉa">ṉ </w></cl><cl><w n="44">ma</w><w n="45">yi</w><w n="46">li</w><w n="47">ya</w><w n="48" lemma="ṟa">ṟ </w></cl><cl><w n="49">ce</w><w n="50">ṟi</w><w n="51">ye</w><w n="52">yi</w><w n="53" lemma="ṟa">ṟ </w></cl><cl><w n="54">ṟa</w><w n="55">ri</w><w n="56" lemma="vai">vai </w></cl><cl><w n="57">kū</w><w n="58" lemma="na">n</w><w n="59">ta</w><w n="60">li</w></cl><cl><w n="61" lemma="ṉa">ṉ </w><w n="62">na</w><w n="63">ṟi</w><w n="64">ya</w><w n="65" lemma="vu">vu </w></cl><cl><w n="66">mu</w><w n="67">ḷa</w><w n="68" lemma="vo">vō</w><w n="69" lemma="nī">nī </w></cl><cl><w n="70">ya</w><w n="71">ṟi</w><w n="72">yu</w><w n="73" lemma="ma">m </w></cl><cl><w n="74">pū</w><w n="75" lemma="ve">vē</w></cl></text></TEI><TEI n="TNV1947"><text><cl><w n="0" lemma="ko"> ko</w><w n="1" lemma="ṅa">ṅ</w><w n="2">ku</w><w n="3" lemma="te">tē</w><w n="4" lemma="ra">r </w></cl><cl><w n="5">vā</w><w n="6" lemma="ḻa">ḻ</w><w n="7" lemma="ka">k</w><w n="8" lemma="kai">kai </w></cl><cl><w n="9">ya</w><w n="10" lemma="ña">ñ</w><w n="11">ci</w><w n="12">ṟai</w><w n="13" lemma="ta">t </w></cl><cl><w n="14">tu</w><w n="15" lemma="ma">m</w><w n="16" lemma="pi">pi </w></cl><cl><w n="17">kā</w><w n="18">ma</w><w n="19" lemma="ña">ñ </w></cl><cl><w n="20">ce</w><w n="21" lemma="pa">p</w><w n="22">pā</w><w n="23" lemma="tu">tu </w></cl><cl><w n="24">ka</w><w n="25" lemma="ṇa">ṇ</w><w n="26">ṭa</w><w n="27" lemma="tu">tu </w></cl><cl><w n="28">mo</w><w n="29">ḻi</w><w n="30" lemma="mo">mō </w></cl><cl><w n="31">pa</w><w n="32">yi</w><w n="33">li</w><w n="34">ya</w><w n="35" lemma="tu">tu </w></cl><cl><w n="36">ke</w><w n="37">ḻī</w><w n="38">i</w><w n="39" lemma="ya">ya </w></cl><cl><w n="40">na</w><w n="41" lemma="ṭa">ṭ</w><w n="42">pi</w><w n="43" lemma="ṉa">ṉ </w></cl><cl><w n="44">ma</w><w n="45">yi</w><w n="46">li</w><w n="47">ya</w><w n="48" lemma="ṟa">ṟ </w></cl><cl><w n="49">ce</w><w n="50">ṟi</w><w n="51">ye</w><w n="52">yi</w><w n="53" lemma="ṟa">ṟ </w></cl><cl><w n="54">ṟa</w><w n="55">ri</w><w n="56" lemma="vai">vai </w></cl><cl><w n="57">kū</w><w n="58" lemma="na">n</w><w n="59">ta</w><w n="60">li</w></cl><cl><w n="61" lemma="ṉa">ṉ </w><w n="62">na</w><w n="63">ṟi</w><w n="64">ya</w><w n="65" lemma="vu">vu </w></cl><cl><w n="66">mu</w><w n="67">ḷa</w><w n="68" lemma="vo">vō</w><w n="69" lemma="nī">nī </w></cl><cl><w n="70">ya</w><w n="71">ṟi</w><w n="72">yu</w><w n="73" lemma="ma">m </w></cl><cl><w n="74">pū</w><w n="75" lemma="ve">vē</w></cl></text></TEI><TEI n="TNVc"><text><cl><w n="0" lemma="ko"> ko</w><w n="1" lemma="ṅa">ṅ</w><w n="2">ku</w><w n="3" lemma="te">tē</w><w n="4" lemma="ra">r </w></cl><cl><w n="5">vā</w><w n="6" lemma="ṭa">ṭ</w><w n="7" lemma="ka">k</w><w n="8" lemma="kai">kai </w></cl><cl><w n="9">ja</w><w n="10" lemma="ña">ñ</w><w n="11">ci</w><w n="12">ṟai</w><w n="13" lemma="ta">t </w></cl><cl><w n="14">tu</w><w n="15" lemma="ma">m</w><w n="16" lemma="pi">pi. </w></cl><cl><w n="17">kā</w><w n="18">ma</w><w n="19" lemma="ña">ñ </w></cl><cl><w n="20">ce</w><w n="21" lemma="pa">p</w><w n="22">pā</w><w n="23" lemma="tu">tu </w></cl><cl><w n="24">ka</w><w n="25" lemma="ṇa">ṇ</w><w n="26">ṭa</w><w n="27" lemma="tu">tu </w></cl><cl><w n="28">mo</w><w n="29">ḻi</w><w n="30" lemma="mo">mō, </w></cl><cl><w n="31">pa</w><w n="32">yi</w><w n="33">li</w><w n="34">ya</w><w n="35" lemma="tu">tu </w></cl><cl><w n="36">ke</w><w n="37">ḻī</w><w n="38">i</w><w n="39" lemma="ya">ya </w></cl><cl><w n="40">na</w><w n="41" lemma="ṭa">ṭ</w><w n="42">pi</w><w n="43" lemma="ṉa">ṉ </w></cl><cl><w n="44">ma</w><w n="45">yi</w><w n="46">li</w><w n="47">ya</w><w n="48" lemma="ṟa">ṟ </w></cl><cl><w n="49">ce</w><w n="50">ṟi</w><w n="51">ye</w><w n="52">yi</w><w n="53" lemma="ṟa">ṟ </w></cl><cl><w n="54">ṟa</w><w n="55">ri</w><w n="56" lemma="vai">vai </w></cl><cl><w n="57">kū</w><w n="58" lemma="na">n</w><w n="59">ta</w><w n="60" lemma="li">li </w></cl><cl><w n="61">ṉa</w><w n="62"/><w n="63">ṟi</w><w n="64">ya</w><w n="65" lemma="vu">vu </w></cl><cl><w n="66">mu</w><w n="67">ḷa</w><w n="68" lemma="vo">vō</w><w n="69" lemma="nī">nī </w></cl><cl><w n="70">ya</w><w n="71">ṟi</w><w n="72">yu</w><w n="73" lemma="ma">m </w></cl><cl><w n="74">pū</w><w n="75" lemma="ve">vē. </w></cl></text></TEI><TEI n="TNVmspc"><text><cl><w n="0" lemma="ko"> ko</w><w n="1" lemma="ṅa">ṅ</w><w n="2">ku</w><w n="3" lemma="te">tē</w><w n="4" lemma="ra">r </w></cl><cl><w n="5">vā</w><w n="6" lemma="ṭa">ṭ</w><w n="7" lemma="ka">k</w><w n="8" lemma="kai">kai </w></cl><cl><w n="9">ja</w><w n="10" lemma="ña">ñ</w><w n="11">ci</w><w n="12">ṟai</w><w n="13" lemma="ta">t </w></cl><cl><w n="14">tu</w><w n="15" lemma="ma">m</w><w n="16" lemma="pi">pi. </w></cl><cl><w n="17">kā</w><w n="18">ma</w><w n="19" lemma="ña">ñ </w></cl><cl><w n="20">ce</w><w n="21" lemma="pa">p</w><w n="22">pā</w><w n="23" lemma="tu">tu </w></cl><cl><w n="24">ka</w><w n="25" lemma="ṇa">ṇ</w><w n="26">ṭa</w><w n="27" lemma="tu">tu </w></cl><cl><w n="28">mo</w><w n="29">ḻi</w><w n="30" lemma="mo">mō </w></cl><cl><w n="31">pa</w><w n="32">yi</w><w n="33">li</w><w n="34">ya</w><w n="35" lemma="tu">tu </w></cl><cl><w n="36">ke</w><w n="37">ḻī</w><w n="38">i</w><w n="39" lemma="ya">ya </w></cl><cl><w n="40">na</w><w n="41" lemma="ṭa">ṭ</w><w n="42">pi</w><w n="43" lemma="ṉa">ṉ </w></cl><cl><w n="44">ma</w><w n="45">yi</w><w n="46">li</w><w n="47">ya</w><w n="48" lemma="ṟa">ṟ </w></cl><cl><w n="49">ce</w><w n="50">ṟi</w><w n="51">ye</w><w n="52">yi</w><w n="53" lemma="ṟa">ṟ </w></cl><cl><w n="54">ṟa</w><w n="55">ri</w><w n="56" lemma="vai">vai </w></cl><cl><w n="57">kū</w><w n="58" lemma="na">n</w><w n="59">ta</w><w n="60" lemma="li">li </w></cl><cl><w n="61">ṉa</w><w n="62"/><w n="63">ṟi</w><w n="64">ya</w><w n="65" lemma="vu">vu </w></cl><cl><w n="66">mu</w><w n="67">ḷa</w><w n="68" lemma="vo">vō</w><w n="69" lemma="nī">nī </w></cl><cl><w n="70">ya</w><w n="71">ṟi</w><w n="72">yu</w><w n="73" lemma="ma">m </w></cl><cl><w n="74">pū</w><w n="75" lemma="ve">vē.</w></cl></text></TEI><TEI n="TNVmsac"><text><cl><w n="0" lemma="ko"> ko</w><w n="1" lemma="ṅa">ṅ</w><w n="2">ku</w><w n="3" lemma="te">tē</w><w n="4" lemma="ra">r </w></cl><cl><w n="5">vā</w><w n="6" lemma="ṭa">ṭ</w><w n="7" lemma="ka">k</w><w n="8" lemma="kai">kai </w></cl><cl><w n="9">ja</w><w n="10" lemma="ña">ñ</w><w n="11">ci</w><w n="12">ṟai</w><w n="13" lemma="ta">t </w></cl><cl><w n="14">tu</w><w n="15" lemma="ma">m</w><w n="16" lemma="pi">pi. </w></cl><cl><w n="17">kā</w><w n="18">ma</w><w n="19" lemma="ña">ñ </w></cl><cl><w n="20">ce</w><w n="21" lemma="pa">p</w><w n="22">pā</w><w n="23" lemma="tu">tu </w></cl><cl><w n="24">ka</w><w n="25" lemma="ṇa">ṇ</w><w n="26">ṭa</w><w n="27" lemma="tu">tu </w></cl><cl><w n="28">mo</w><w n="29">ḻi</w><w n="30" lemma="mo">mō </w></cl><cl><w n="31">pa</w><w n="32">yi</w><w n="33">li</w><w n="34">ya</w><w n="35" lemma="tu">tu </w></cl><cl><w n="36">ke</w><w n="37">ḻī</w><w n="38">i</w><w n="39" lemma="ya">ya </w></cl><cl><w n="40">na</w><w n="41" lemma="ṭa">ṭ</w><w n="42">pi</w><w n="43" lemma="ṉa">ṉ </w></cl><cl><w n="44">ma</w><w n="45">yi</w><w n="46">li</w><w n="47">ya</w><w n="48" lemma="ṟa">ṟ </w></cl><cl><w n="49">ce</w><w n="50">ṟi</w><w n="51">ye</w><w n="52">yi</w><w n="53" lemma="ṟa">ṟ </w></cl><cl><w n="54">ṟa</w><w n="55">ri</w><w n="56" lemma="vai">vai </w></cl><cl><w n="57">kū</w><w n="58" lemma="na">n</w><w n="59">ta</w><w n="60" lemma="li">li </w></cl><cl><w n="61">ṉa</w><w n="62"/><w n="63">ṟi</w><w n="64">ya</w><w n="65" lemma="vu">vu </w></cl><cl><w n="66">mu</w><w n="67">ḷa</w><w n="68" lemma="va">v</w><w n="69" lemma="nī">nī </w></cl><cl><w n="70">ya</w><w n="71">ṟi</w><w n="72">yu</w><w n="73" lemma="ma">m </w></cl><cl><w n="74">pū</w><w n="75" lemma="ve">vē.</w></cl></text></TEI></teiCorpus>