<?xml version="1.0" encoding="UTF-8"?><teiCorpus xmlns="http://www.tei-c.org/ns/1.0" xml:lang="ta">
  <teiHeader>
<listWit><witness xml:id="Ed" source="TNV15ed.xml"><abbr type="siglum">Ed</abbr><expan><title xmlns="http://www.tei-c.org/ns/1.0" xml:lang="ta">Tamiḻneṟi Viḷakkam</title> 15.</expan></witness><witness xml:id="KKms" source="KKms.xml"><abbr type="siglum">KKms</abbr><expan>KKms</expan><listWit><witness xml:id="KKmsac" n="ac"><abbr type="siglum">KKmsac</abbr><expan>KKms [ante correctionem]</expan></witness><witness xml:id="KKmspc" n="pc"><abbr type="siglum">KKmspc</abbr><expan>KKms [post correctionem]</expan></witness></listWit></witness><witness xml:id="KKed" source="KKprint.xml"><abbr type="siglum">KKed</abbr><expan>KKprint</expan><listWit><witness xml:id="KKedac" n="ac"><abbr type="siglum">KKedac</abbr><expan>KKprint [ante correctionem]</expan></witness><witness xml:id="KKedpc" n="pc"><abbr type="siglum">KKedpc</abbr><expan>KKprint [post correctionem]</expan></witness></listWit></witness><witness xml:id="KT2" source="KT2.xml"><abbr type="siglum">KT2</abbr><expan><title xmlns="http://www.tei-c.org/ns/1.0" xml:lang="ta">Kuṟuntokai</title> 2. <persName xmlns="http://www.tei-c.org/ns/1.0" xml:lang="ta">Iṟaiyaṉār</persName>: <i xmlns="http://www.tei-c.org/ns/1.0">HE</i></expan><listWit><witness xml:id="KT2-C2" select="#C2"><abbr type="siglum">KT2-C2</abbr><expan><title xmlns="http://www.tei-c.org/ns/1.0" xml:lang="ta">Kuṟuntokai</title> 2. <persName xmlns="http://www.tei-c.org/ns/1.0" xml:lang="ta">Iṟaiyaṉār</persName>: <i xmlns="http://www.tei-c.org/ns/1.0">HE</i> [witness C2]</expan></witness></listWit></witness><witness xml:id="KT40" source="KT40.xml"><abbr type="siglum">KT40</abbr><expan><title xmlns="http://www.tei-c.org/ns/1.0" xml:lang="ta">Kuṟuntokai</title> 40. <persName xmlns="http://www.tei-c.org/ns/1.0" xml:lang="ta">Cempulappeyaṉīrār</persName>: <i xmlns="http://www.tei-c.org/ns/1.0">HE / SHE</i></expan></witness><witness xml:id="NAed" source="NAprint.xml"><abbr type="siglum">NAed</abbr><expan>NAprint</expan></witness><witness xml:id="TNV1937" source="TNV_1937.xml"><abbr type="siglum">TNV1937</abbr><expan>TNV 1937</expan></witness><witness xml:id="TNV1947" source="TNV1947.xml"><abbr type="siglum">TNV1947</abbr><expan>TNV print</expan><listWit><witness xml:id="TNV1947ac" n="ac"><abbr type="siglum">TNV1947ac</abbr><expan>TNV print [ante correctionem]</expan></witness><witness xml:id="TNV1947pc" n="pc"><abbr type="siglum">TNV1947pc</abbr><expan>TNV print [post correctionem]</expan></witness></listWit></witness><witness xml:id="TKn" source="TolNa.xml"><abbr type="siglum">TKn</abbr><expan>Tolkāppiyam Nacci</expan></witness><witness xml:id="TKp" source="TolPe.xml"><abbr type="siglum">TKp</abbr><expan>Tolkāppiyam Pēr</expan></witness><witness xml:id="TNVc" source="UVSL_48032.xml"><abbr type="siglum">TNVc</abbr><expan>Tamiḻneṟi Viḷakkam Paper</expan><listWit><witness xml:id="TNVcac" n="ac"><abbr type="siglum">TNVcac</abbr><expan>Tamiḻneṟi Viḷakkam Paper [ante correctionem]</expan></witness><witness xml:id="TNVcpc" n="pc"><abbr type="siglum">TNVcpc</abbr><expan>Tamiḻneṟi Viḷakkam Paper [post correctionem]</expan></witness></listWit></witness><witness xml:id="TNVms" source="UVSLMS000950.xml"><abbr type="siglum">TNVms</abbr><expan>Tamiḻneṟi Viḷakkam</expan><listWit><witness xml:id="TNVmsac" n="ac"><abbr type="siglum">TNVmsac</abbr><expan>Tamiḻneṟi Viḷakkam [ante correctionem]</expan></witness><witness xml:id="TNVmspc" n="pc"><abbr type="siglum">TNVmspc</abbr><expan>Tamiḻneṟi Viḷakkam [post correctionem]</expan></witness></listWit></witness><witness xml:id="YV1960a" source="YV1960.xml"><abbr type="siglum">YV1960a</abbr><expan>YV1960</expan></witness><witness xml:id="YV1960b" source="YV1960.xml"><abbr type="siglum">YV1960b</abbr><expan>YV1960</expan></witness></listWit>
    <encodingDesc>
      <editorialDecl>
        <normalization method="markup">
<ab>ignore punctuation</ab>
<ab>ignore long/short e</ab>
<ab>ignore long/short o</ab>
<ab>insert glide after back vowels</ab>
<ab>insert glide after front vowels</ab>
<ab>final -m sandhi variants</ab>
<ab>final -m elision</ab>
<ab>final -ṇ sandhi</ab>
<ab>final -ṉ sandhi</ab>
<ab>final -l sandhi</ab>
<ab>final -ḷ sandhi</ab>
<ab>ignore puḷḷi</ab>
<ab>remove spaces</ab>
        </normalization>
        <ab type="tagfilters">
<tag subtype="ignore">pc</tag>
<tag subtype="ignore">abbr</tag>
<tag subtype="ignore">corr</tag>
<tag subtype="ignore">ex</tag>
<tag subtype="ignore">head</tag>
<tag subtype="ignore">label</tag>
<tag subtype="ignore">note</tag>
<tag subtype="ignore">num</tag>
<tag subtype="ignore">locus</tag>
<tag subtype="ignore">metamark</tag>
<tag subtype="ignore">supplied</tag>
<tag subtype="ignore">surplus</tag>
        </ab>
      </editorialDecl>
    </encodingDesc>
    <xenoData>
      <stemma format="nexml" id="stemma0"><nex:nexml xmlns:nex="http://www.nexml.org/2009" version="0.9"><nex:otus id="otus1"><nex:otu id="otu0" label="TNV1947"/><nex:otu id="otu1" label="TNVc"/><nex:otu id="otu2" label="Ed"/><nex:otu id="otu3" label="TNV1937"/><nex:otu id="otu4" label="TNVmsac"/><nex:otu id="otu5" label="TNVmspc"/></nex:otus><nex:trees otus="otus1" id="trees1"><nex:tree xmlns:xsi="http://www.w3.org/2001/XMLSchema-instance" id="guidetree" label="guidetree" xsi:type="nex:FloatTree"><nex:node id="31dda9db-2cb4-4d7d-bdda-4cb280338352" root="true"/><nex:node id="d193ba77-75e2-4e2d-92d2-bba43a7a8a3f"/><nex:node id="f9c9ecff-4f05-44ac-9c64-2eb36628ea85"/><nex:node id="4799d9fd-97b7-483b-9f6f-71beedfa9947" label="TNV1947" otu="otu3"/><nex:node id="6dc6046a-f427-46dd-9fb9-359577ff86e2" label="TNVc" otu="otu4"/><nex:node id="c024a986-5854-4307-ba20-34decb23d52e"/><nex:node id="6f2843c1-0a1a-4927-a619-59cbce941aa4" label="Ed" otu="otu6"/><nex:node id="2186976c-05d1-41d9-a73e-6beb375ced07" label="TNV1937" otu="otu7"/><nex:node id="a68f5bb1-3620-4216-acb7-2c5b3aea8b78"/><nex:node id="831a6f18-9a5d-47d5-b790-6028aa60ddbe" label="TNVmsac" otu="otu9"/><nex:node id="d8cdc9c3-bbd6-423a-a8de-ad6127e80dde" label="TNVmspc" otu="otu10"/><nex:edge source="31dda9db-2cb4-4d7d-bdda-4cb280338352" target="d193ba77-75e2-4e2d-92d2-bba43a7a8a3f" id="edge0" length="0"/><nex:edge source="31dda9db-2cb4-4d7d-bdda-4cb280338352" target="a68f5bb1-3620-4216-acb7-2c5b3aea8b78" id="edge1" length="0"/><nex:edge source="d193ba77-75e2-4e2d-92d2-bba43a7a8a3f" target="f9c9ecff-4f05-44ac-9c64-2eb36628ea85" id="edge2" length="0"/><nex:edge source="d193ba77-75e2-4e2d-92d2-bba43a7a8a3f" target="c024a986-5854-4307-ba20-34decb23d52e" id="edge3" length="0"/><nex:edge source="a68f5bb1-3620-4216-acb7-2c5b3aea8b78" target="831a6f18-9a5d-47d5-b790-6028aa60ddbe" id="edge4" length="1"/><nex:edge source="a68f5bb1-3620-4216-acb7-2c5b3aea8b78" target="d8cdc9c3-bbd6-423a-a8de-ad6127e80dde" id="edge5" length="0"/><nex:edge source="f9c9ecff-4f05-44ac-9c64-2eb36628ea85" target="4799d9fd-97b7-483b-9f6f-71beedfa9947" id="edge6" length="0"/><nex:edge source="f9c9ecff-4f05-44ac-9c64-2eb36628ea85" target="6dc6046a-f427-46dd-9fb9-359577ff86e2" id="edge7" length="0"/><nex:edge source="c024a986-5854-4307-ba20-34decb23d52e" target="6f2843c1-0a1a-4927-a619-59cbce941aa4" id="edge8" length="0"/><nex:edge source="c024a986-5854-4307-ba20-34decb23d52e" target="2186976c-05d1-41d9-a73e-6beb375ced07" id="edge9" length="0"/></nex:tree></nex:trees></nex:nexml></stemma>
    </xenoData>
  </teiHeader>
<TEI n="TNV1947"><text><cl><w n="0" lemma="mu"> mu</w><w n="1" lemma="ṟa">ṟ</w></cl><cl><w n="2">ce</w><w n="3" lemma="ya">y</w><w n="4">vi</w><w n="5" lemma="ṉai">ṉai </w></cl><cl><w n="6">kā</w><w n="7">ra</w><w n="8">ṇa</w><w n="9">mā</w><w n="10">ka</w><w n="11" lemma="ka">k </w></cl><cl><w n="12">ka</w><w n="13" lemma="ṇa">ṇ</w><w n="14">ṇu</w><w n="15" lemma="ṟa">ṟ</w><w n="16">ṟu</w><w n="17" lemma="pa">p </w></cl><cl><w n="18">pu</w><w n="19">ṇa</w><w n="20" lemma="ra">r</w><w n="21" lemma="na">n</w><w n="22" lemma="ta">ta </w></cl><cl><w n="23">pi</w><w n="24" lemma="ṉa">ṉ</w><w n="25" lemma="pu">pu </w></cl><cl><w n="26">ta</w><w n="27">lai</w><w n="28">ma</w><w n="29">ka</w><w n="30" lemma="ṉa">ṉ na</w><w n="31">ya</w><w n="32" lemma="pa">p</w><w n="33">pu</w><w n="34">ṇa</w><w n="35" lemma="ra">r</w><w n="36" lemma="ta">t</w><w n="37">ta</w><w n="38">lu</w><w n="39" lemma="na">m </w></cl><cl><w n="40">te</w><w n="41">ru</w><w n="42" lemma="ṭa">ṭ</w><w n="43">ṭa</w><w n="44">lu</w><w n="45" lemma="ma">m, </w></cl><cl><w n="46">pi</w><w n="47">ri</w><w n="48">va</w><w n="49" lemma="ca">c</w><w n="50">ca</w><w n="51">mu</w><w n="52" lemma="ma">m, </w></cl><cl><w n="53">va</w><w n="54" lemma="ṉa">ṉ</w><w n="55">po</w><w n="56">ṟai</w><w n="57">yu</w><w n="58" lemma="me">m, e</w><w n="59" lemma="ya">y</w><w n="60">tu</w><w n="61">ta</w><w n="62">la</w><w n="63">ru</w><w n="64">mai</w><w n="65">yu</w><w n="66"/><w n="67"/><w n="68" lemma="mu">m, u</w><w n="69">yi</w><w n="70">re</w><w n="71" lemma="ṉa">ṉ</w><w n="72">ṟa</w><w n="73">lu</w><w n="74" lemma="mā">m ā</w><w n="75" lemma="ṟa">ṟ</w><w n="76">ṟi</w><w n="77" lemma="pa">p </w></cl><cl><w n="78">pe</w><w n="79">ya</w><w n="80" lemma="ra">r</w><w n="81">ta</w><w n="82" lemma="lu">lu </w><w n="83">me</w><w n="84">ṉa</w><w n="85" lemma="pa">p</w><w n="86">pa</w><w n="87" lemma="ṭa">ṭ</w><w n="88">ṭa</w><w n="89" lemma="ṉa">ṉa </w></cl><cl><w n="90">te</w><w n="91" lemma="ya">y</w><w n="92">va</w><w n="93" lemma="pa">p </w></cl><cl><w n="94">pu</w><w n="95">ṇa</w><w n="96" lemma="ra">r</w><w n="97" lemma="ca">c</w><w n="98">ci</w></cl><cl><w n="99" lemma="yā">yā </w><w n="100">me</w><w n="101" lemma="ṉa">ṉ</w><w n="102">ṟa</w><w n="103">vā</w><w n="104" lemma="ṟu">ṟu.</w></cl></text></TEI><TEI n="TNVc"><text><cl><w n="0">mu</w><w n="1" lemma="ṟa">ṟ </w></cl><cl><w n="2">ce</w><w n="3" lemma="ya">y</w><w n="4">vi</w><w n="5" lemma="ṉai">ṉai </w></cl><cl><w n="6">kā</w><w n="7">ra</w><w n="8">ṇa</w><w n="9">mā</w><w n="10">ka</w><w n="11" lemma="ka">k </w></cl><cl><w n="12">ka</w><w n="13" lemma="ṇa">ṇ</w><w n="14">ṇu</w><w n="15" lemma="ṟa">ṟ</w><w n="16">ṟu</w><w n="17" lemma="pa">p </w></cl><cl><w n="18">pu</w><w n="19">ṇa</w><w n="20" lemma="ra">r</w><w n="21" lemma="na">n</w><w n="22" lemma="ta">ta </w></cl><cl><w n="23">pi</w><w n="24" lemma="ṉa">ṉ</w><w n="25" lemma="pu">pu </w></cl><cl><w n="26">ta</w><w n="27">lai</w><w n="28">ma</w><w n="29">ka</w><w n="30">ṉa</w><w n="31">ya</w><w n="32" lemma="pa">p</w><w n="33">pu</w><w n="34">ṇa</w><w n="35" lemma="ra">r</w><w n="36" lemma="ta">t</w><w n="37">ta</w><w n="38">lu</w><w n="39" lemma="na">n </w></cl><cl><w n="40">te</w><w n="41">ru</w><w n="42" lemma="ṭa">ṭ</w><w n="43">ṭa</w><w n="44">lu</w><w n="45" lemma="ma">m </w></cl><cl><w n="46">pi</w><w n="47">ri</w><w n="48">va</w><w n="49" lemma="ca">c</w><w n="50">ca</w><w n="51">mu</w><w n="52" lemma="ma">m </w></cl><cl><w n="53">va</w><w n="54" lemma="ṉa">ṉ</w><w n="55">po</w><w n="56">ṟai</w><w n="57">yu</w><w n="58" lemma="me">m e</w><w n="59" lemma="ya">y</w><w n="60">tu</w><w n="61">ta</w><w n="62" lemma="la">l a</w><w n="63">ru</w><w n="64">mai</w><w n="65">yu</w><w n="66"/><w n="67"/><w n="68" lemma="mu">m u</w><w n="69">yi</w><w n="70" lemma="re">r e</w><w n="71" lemma="ṉa">ṉ</w><w n="72">ṟa</w><w n="73">lu</w><w n="74" lemma="mā">m ā</w><w n="75" lemma="ṟa">ṟ</w><w n="76">ṟi</w><w n="77" lemma="pa">p </w></cl><cl><w n="78">pe</w><w n="79">ya</w><w n="80" lemma="ra">r</w><w n="81">ta</w><w n="82">lu</w><w n="83" lemma="me">m e</w><w n="84">ṉa</w><w n="85" lemma="pa">p</w><w n="86">pa</w><w n="87" lemma="ṭa">ṭ</w><w n="88">ṭa</w><w n="89" lemma="ṉa">ṉa </w></cl><cl><w n="90">te</w><w n="91" lemma="ya">y</w><w n="92">va</w><w n="93" lemma="pa">p </w></cl><cl><w n="94">pu</w><w n="95">ṇa</w><w n="96" lemma="ra">r</w><w n="97" lemma="ca">c</w><w n="98" lemma="ci">ci </w></cl><cl><w n="99">yā</w><w n="100" lemma="me">m e</w><w n="101" lemma="ṉa">ṉ</w><w n="102">ṟa</w><w n="103">vā</w><w n="104" lemma="ṟu">ṟu. </w></cl></text></TEI><TEI n="Ed"><text><cl><w n="0">mu</w><w n="1" lemma="ṟa">ṟ </w></cl><cl><w n="2">ce</w><w n="3" lemma="ya">y </w><w n="4">vi</w><w n="5" lemma="ṉai">ṉai </w></cl><cl><w n="6">kā</w><w n="7">ra</w><w n="8">ṇa</w><w n="9" lemma="mā">m ā</w><w n="10">ka</w><w n="11" lemma="ka">k </w></cl><cl><w n="12">ka</w><w n="13" lemma="ṇa">ṇ</w><w n="14">ṇu</w><w n="15" lemma="ṟa">ṟ</w><w n="16">ṟu</w><w n="17" lemma="pa">p </w></cl><cl><w n="18">pu</w><w n="19">ṇa</w><w n="20" lemma="ra">r</w><w n="21" lemma="na">n</w><w n="22" lemma="ta">ta </w></cl><cl><w n="23">pi</w><w n="24" lemma="ṉa">ṉ</w><w n="25" lemma="pu">pu </w></cl><cl><w n="26">ta</w><w n="27">lai</w><w n="28">ma</w><w n="29">ka</w><w n="30" lemma="ṉa">ṉ na</w><w n="31">ya</w><w n="32" lemma="pa">p</w><w n="33">pu</w><w n="34">ṇa</w><w n="35" lemma="ra">r</w><w n="36" lemma="ta">t</w><w n="37">ta</w><w n="38">lu</w><w n="39" lemma="na">m </w></cl><cl><w n="40">te</w><w n="41">ru</w><w n="42" lemma="ṭa">ṭ</w><w n="43">ṭa</w><w n="44">lu</w><w n="45" lemma="ma">m </w></cl><cl><w n="46">pi</w><w n="47">ri</w><w n="48">va</w><w n="49" lemma="ca">c</w><w n="50">ca</w><w n="51">mu</w><w n="52" lemma="ma">m </w></cl><cl><w n="53">va</w><w n="54" lemma="ṉa">ṉ</w><w n="55">po</w><w n="56">ṟai</w><w n="57">yu</w><w n="58" lemma="me">m e</w><w n="59" lemma="ya">y</w><w n="60">tu</w><w n="61">ta</w><w n="62" lemma="la">l a</w><w n="63">ru</w><w n="64">mai</w><w n="65">yu</w><w n="66"/><w n="67"/><w n="68" lemma="mu">m u</w><w n="69">yi</w><w n="70" lemma="re">r e</w><w n="71" lemma="ṉa">ṉ</w><w n="72">ṟa</w><w n="73">lu</w><w n="74" lemma="mā">m ā</w><w n="75" lemma="ṟa">ṟ</w><w n="76">ṟi</w><w n="77" lemma="pa">p </w></cl><cl><w n="78">pe</w><w n="79">ya</w><w n="80" lemma="ra">r</w><w n="81">ta</w><w n="82">lu</w><w n="83" lemma="me">m e</w><w n="84">ṉa</w><w n="85" lemma="pa">p </w><w n="86">pa</w><w n="87" lemma="ṭa">ṭ</w><w n="88">ṭa</w><w n="89" lemma="ṉa">ṉa </w></cl><cl><w n="90">te</w><w n="91" lemma="ya">y</w><w n="92">va</w><w n="93" lemma="pa">p </w></cl><cl><w n="94">pu</w><w n="95">ṇa</w><w n="96" lemma="ra">r</w><w n="97" lemma="ca">c</w><w n="98" lemma="ci">ci </w></cl><cl><w n="99">yā</w><w n="100" lemma="me">m e</w><w n="101" lemma="ṉa">ṉ</w><w n="102" lemma="ṟa">ṟa </w><w n="103">vā</w><w n="104" lemma="ṟu">ṟu. </w></cl></text></TEI><TEI n="TNV1937"><text><cl><w n="0" lemma="mu"> mu</w><w n="1" lemma="ṟa">ṟ</w></cl><cl><w n="2">ce</w><w n="3" lemma="ya">y</w><w n="4">vi</w><w n="5" lemma="ṉai">ṉai </w></cl><cl><w n="6">kā</w><w n="7">ra</w><w n="8">ṇa</w><w n="9">mā</w><w n="10">ka</w><w n="11" lemma="ka">k </w></cl><cl><w n="12">ka</w><w n="13" lemma="ṇa">ṇ</w><w n="14">ṇu</w><w n="15" lemma="ṟa">ṟ</w><w n="16">ṟu</w><w n="17" lemma="pa">p </w></cl><cl><w n="18">pu</w><w n="19">ṇa</w><w n="20" lemma="ra">r</w><w n="21" lemma="na">n</w><w n="22" lemma="ta">ta </w></cl><cl><w n="23">pi</w><w n="24" lemma="ṉa">ṉ</w><w n="25" lemma="pu">pu </w></cl><cl><w n="26">ta</w><w n="27">lai</w><w n="28">ma</w><w n="29">ka</w><w n="30" lemma="ṉa">ṉ na</w><w n="31">ya</w><w n="32" lemma="pa">p</w><w n="33">pu</w><w n="34">ṇa</w><w n="35" lemma="ra">r</w><w n="36" lemma="ta">t</w><w n="37">ta</w><w n="38">lu</w><w n="39" lemma="na">m, </w></cl><cl><w n="40">te</w><w n="41">ru</w><w n="42" lemma="ṭa">ṭ</w><w n="43">ṭa</w><w n="44">lu</w><w n="45" lemma="ma">m, </w></cl><cl><w n="46">pi</w><w n="47">ri</w><w n="48">va</w><w n="49" lemma="ca">c</w><w n="50">ca</w><w n="51">mu</w><w n="52" lemma="ma">m, </w></cl><cl><w n="53">va</w><w n="54" lemma="ṉa">ṉ</w><w n="55">po</w><w n="56">ṟai</w><w n="57">yu</w><w n="58" lemma="me">m, e</w><w n="59" lemma="ya">y</w><w n="60">tu</w><w n="61">ta</w><w n="62">la</w><w n="63">ru</w><w n="64">mai</w><w n="65">yu</w><w n="66"/><w n="67"/><w n="68" lemma="mu">m, u</w><w n="69">yi</w><w n="70">re</w><w n="71" lemma="ṉa">ṉ</w><w n="72">ṟa</w><w n="73">lu</w><w n="74" lemma="mā">m ā</w><w n="75" lemma="ṟa">ṟ</w><w n="76">ṟi</w><w n="77" lemma="pa">p</w></cl><cl><w n="78">pe</w><w n="79">ya</w><w n="80" lemma="ra">r</w><w n="81">ta</w><w n="82" lemma="lu">lu </w><w n="83">me</w><w n="84">ṉa</w><w n="85" lemma="pa">p</w><w n="86">pa</w><w n="87" lemma="ṭa">ṭ</w><w n="88">ṭa</w><w n="89" lemma="ṉa">ṉa </w></cl><cl><w n="90">te</w><w n="91" lemma="ya">y</w><w n="92">va</w><w n="93" lemma="pa">p </w></cl><cl><w n="94">pu</w><w n="95">ṇa</w><w n="96" lemma="ra">r</w><w n="97" lemma="ca">c</w><w n="98">ci</w></cl><cl><w n="99" lemma="yā">yā </w><w n="100">me</w><w n="101" lemma="ṉa">ṉ</w><w n="102">ṟa</w><w n="103">vā</w><w n="104" lemma="ṟu">ṟu.</w></cl></text></TEI><TEI n="TNVmsac"><text><cl><w n="0">mu</w><w n="1" lemma="ṟa">ṟ </w></cl><cl><w n="2">ce</w><w n="3" lemma="ya">y</w><w n="4">vi</w><w n="5" lemma="ṉai">ṉai </w></cl><cl><w n="6">kā</w><w n="7">ra</w><w n="8">ṇa</w><w n="9">mā</w><w n="10">ka</w><w n="11" lemma="ka">k </w></cl><cl><w n="12">ka</w><w n="13" lemma="ṇa">ṇ</w><w n="14">ṇu</w><w n="15" lemma="ṟa">ṟ</w><w n="16">ṟu</w><w n="17" lemma="pa">p </w></cl><cl><w n="18">pu</w><w n="19">ṇa</w><w n="20" lemma="ra">r</w><w n="21" lemma="na">n</w><w n="22" lemma="ta">ta </w></cl><cl><w n="23">pi</w><w n="24" lemma="ṉa">ṉ</w><w n="25" lemma="pu">pu </w></cl><cl><w n="26">ta</w><w n="27">lai</w><w n="28">ma</w><w n="29">ka</w><w n="30">ṉa</w><w n="31">ya</w><w n="32" lemma="pa">p</w><w n="33">pu</w><w n="34">ṇa</w><w n="35" lemma="ra">r</w><w n="36" lemma="ta">t</w><w n="37">ta</w><w n="38">lu</w><w n="39" lemma="na">n </w></cl><cl><w n="40">te</w><w n="41">ru</w><w n="42" lemma="ṭa">ṭ</w><w n="43">ṭa</w><w n="44">lu</w><w n="45" lemma="ma">m </w></cl><cl><w n="46">pi</w><w n="47">ri</w><w n="48">va</w><w n="49" lemma="ca">c</w><w n="50">ca</w><w n="51">mu</w><w n="52" lemma="ma">m </w></cl><cl><w n="53">va</w><w n="54" lemma="ṉa">ṉ</w><w n="55">po</w><w n="56">ṟai</w><w n="57">yu</w><w n="58" lemma="me">m e</w><w n="59" lemma="ya">y</w><w n="60">tu</w><w n="61">ta</w><w n="62" lemma="la">l a</w><w n="63">ru</w><w n="64">mai</w><w n="65">yu</w><w n="66">‡</w><w n="67">‡</w><w n="68" lemma="mu">m u</w><w n="69">yi</w><w n="70" lemma="re">r e</w><w n="71" lemma="ṉa">ṉ</w><w n="72">ṟa</w><w n="73">lu</w><w n="74" lemma="mā">m ā</w><w n="75" lemma="ṟa">ṟ</w><w n="76">ṟi</w><w n="77" lemma="pa">p </w></cl><cl><w n="78">pe</w><w n="79">ya</w><w n="80" lemma="ra">r</w><w n="81">ta</w><w n="82">lu</w><w n="83" lemma="me">m e</w><w n="84">ṉa</w><w n="85" lemma="pa">p</w><w n="86">pa</w><w n="87" lemma="ṭa">ṭ</w><w n="88">ṭa</w><w n="89" lemma="ṉa">ṉa </w></cl><cl><w n="90">te</w><w n="91" lemma="ya">y</w><w n="92">va</w><w n="93" lemma="pa">p </w></cl><cl><w n="94">pu</w><w n="95">ṇa</w><w n="96" lemma="ra">r</w><w n="97" lemma="ca">c</w><w n="98" lemma="ci">ci </w></cl><cl><w n="99">yā</w><w n="100" lemma="me">m e</w><w n="101" lemma="ṉa">ṉ</w><w n="102">ṟa</w><w n="103">vā</w><w n="104" lemma="ṟu">ṟu. </w></cl></text></TEI><TEI n="TNVmspc"><text><cl><w n="0">mu</w><w n="1" lemma="ṟa">ṟ </w></cl><cl><w n="2">ce</w><w n="3" lemma="ya">y</w><w n="4">vi</w><w n="5" lemma="ṉai">ṉai </w></cl><cl><w n="6">kā</w><w n="7">ra</w><w n="8">ṇa</w><w n="9">mā</w><w n="10">ka</w><w n="11" lemma="ka">k </w></cl><cl><w n="12">ka</w><w n="13" lemma="ṇa">ṇ</w><w n="14">ṇu</w><w n="15" lemma="ṟa">ṟ</w><w n="16">ṟu</w><w n="17" lemma="pa">p </w></cl><cl><w n="18">pu</w><w n="19">ṇa</w><w n="20" lemma="ra">r</w><w n="21" lemma="na">n</w><w n="22" lemma="ta">ta </w></cl><cl><w n="23">pi</w><w n="24" lemma="ṉa">ṉ</w><w n="25" lemma="pu">pu </w></cl><cl><w n="26">ta</w><w n="27">lai</w><w n="28">ma</w><w n="29">ka</w><w n="30">ṉa</w><w n="31">ya</w><w n="32" lemma="pa">p</w><w n="33">pu</w><w n="34">ṇa</w><w n="35" lemma="ra">r</w><w n="36" lemma="ta">t</w><w n="37">ta</w><w n="38">lu</w><w n="39" lemma="na">n </w></cl><cl><w n="40">te</w><w n="41">ru</w><w n="42" lemma="ṭa">ṭ</w><w n="43">ṭa</w><w n="44">lu</w><w n="45" lemma="ma">m </w></cl><cl><w n="46">pi</w><w n="47">ri</w><w n="48">va</w><w n="49" lemma="ca">c</w><w n="50">ca</w><w n="51">mu</w><w n="52" lemma="ma">m </w></cl><cl><w n="53">va</w><w n="54" lemma="ṉa">ṉ</w><w n="55">po</w><w n="56">ṟai</w><w n="57">yu</w><w n="58" lemma="me">m e</w><w n="59" lemma="ya">y</w><w n="60">tu</w><w n="61">ta</w><w n="62" lemma="la">l a</w><w n="63">ru</w><w n="64">mai</w><w n="65">yu</w><w n="66"/><w n="67"/><w n="68" lemma="mu">m u</w><w n="69">yi</w><w n="70" lemma="re">r e</w><w n="71" lemma="ṉa">ṉ</w><w n="72">ṟa</w><w n="73">lu</w><w n="74" lemma="mā">m ā</w><w n="75" lemma="ṟa">ṟ</w><w n="76">ṟi</w><w n="77" lemma="pa">p </w></cl><cl><w n="78">pe</w><w n="79">ya</w><w n="80" lemma="ra">r</w><w n="81">ta</w><w n="82">lu</w><w n="83" lemma="me">m e</w><w n="84">ṉa</w><w n="85" lemma="pa">p</w><w n="86">pa</w><w n="87" lemma="ṭa">ṭ</w><w n="88">ṭa</w><w n="89" lemma="ṉa">ṉa </w></cl><cl><w n="90">te</w><w n="91" lemma="ya">y</w><w n="92">va</w><w n="93" lemma="pa">p </w></cl><cl><w n="94">pu</w><w n="95">ṇa</w><w n="96" lemma="ra">r</w><w n="97" lemma="ca">c</w><w n="98" lemma="ci">ci </w></cl><cl><w n="99">yā</w><w n="100" lemma="me">m e</w><w n="101" lemma="ṉa">ṉ</w><w n="102">ṟa</w><w n="103">vā</w><w n="104" lemma="ṟu">ṟu. </w></cl></text></TEI></teiCorpus>