<?xml version="1.0" encoding="UTF-8"?><teiCorpus xmlns="http://www.tei-c.org/ns/1.0" xml:lang="ta">
  <teiHeader>
<listWit><witness xml:id="Ed" source="TNV23ed.xml"><abbr type="siglum">Ed</abbr><expan><title xmlns="http://www.tei-c.org/ns/1.0" xml:lang="ta">Tamiḻneṟi Viḷakkam</title> 23.</expan></witness><witness xml:id="Aink382" source="Aink372.xml"><abbr type="siglum">Aink382</abbr><expan><title xmlns="http://www.tei-c.org/ns/1.0" xml:lang="ta">Aiṅkuṟunūṟu</title> 372. <persName xmlns="http://www.tei-c.org/ns/1.0" xml:lang="ta">Ōtalāntaiyār</persName></expan></witness><witness xml:id="Aink391" source="Aink391.xml"><abbr type="siglum">Aink391</abbr><expan><title xmlns="http://www.tei-c.org/ns/1.0" xml:lang="ta">Aiṅkuṟunūṟu</title> 391. <persName xmlns="http://www.tei-c.org/ns/1.0" xml:lang="ta">Ōtalāntaiyār</persName></expan></witness><witness xml:id="Aink393" source="Aink393.xml"><abbr type="siglum">Aink393</abbr><expan><title xmlns="http://www.tei-c.org/ns/1.0" xml:lang="ta">Aiṅkuṟunūṟu</title> 393. <persName xmlns="http://www.tei-c.org/ns/1.0" xml:lang="ta">Ōtalāntaiyār</persName></expan></witness><witness xml:id="Aink399" source="Aink399.xml"><abbr type="siglum">Aink399</abbr><expan><title xmlns="http://www.tei-c.org/ns/1.0" xml:lang="ta">Aiṅkuṟunūṟu</title> 399. <persName xmlns="http://www.tei-c.org/ns/1.0" xml:lang="ta">Ōtalāntaiyār</persName></expan></witness><witness xml:id="KKms" source="KKms.xml"><abbr type="siglum">KKms</abbr><expan>KKms</expan><listWit><witness xml:id="KKmsac" n="ac"><abbr type="siglum">KKmsac</abbr><expan>KKms [ante correctionem]</expan></witness><witness xml:id="KKmspc" n="pc"><abbr type="siglum">KKmspc</abbr><expan>KKms [post correctionem]</expan></witness></listWit></witness><witness xml:id="KKed" source="KKprint.xml"><abbr type="siglum">KKed</abbr><expan>KKprint</expan><listWit><witness xml:id="KKedac" n="ac"><abbr type="siglum">KKedac</abbr><expan>KKprint [ante correctionem]</expan></witness><witness xml:id="KKedpc" n="pc"><abbr type="siglum">KKedpc</abbr><expan>KKprint [post correctionem]</expan></witness></listWit></witness><witness xml:id="KT1" source="KT1.xml"><abbr type="siglum">KT1</abbr><expan><title xmlns="http://www.tei-c.org/ns/1.0" xml:lang="ta">Kuṟuntokai</title> 1. <persName xmlns="http://www.tei-c.org/ns/1.0" xml:lang="ta">Tīpputtōḷār
          
        </persName></expan></witness><witness xml:id="KT2" source="KT2.xml"><abbr type="siglum">KT2</abbr><expan><title xmlns="http://www.tei-c.org/ns/1.0" xml:lang="ta">Kuṟuntokai</title> 2. <persName xmlns="http://www.tei-c.org/ns/1.0" xml:lang="ta">Iṟaiyaṉār</persName>: <i xmlns="http://www.tei-c.org/ns/1.0">HE</i></expan><listWit><witness xml:id="KT2-C2" select="#C2"><abbr type="siglum">KT2-C2</abbr><expan><title xmlns="http://www.tei-c.org/ns/1.0" xml:lang="ta">Kuṟuntokai</title> 2. <persName xmlns="http://www.tei-c.org/ns/1.0" xml:lang="ta">Iṟaiyaṉār</persName>: <i xmlns="http://www.tei-c.org/ns/1.0">HE</i> [witness C2]</expan></witness></listWit></witness><witness xml:id="KT7" source="KT7.xml"><abbr type="siglum">KT7</abbr><expan><title xmlns="http://www.tei-c.org/ns/1.0" xml:lang="ta">Kuṟuntokai</title> 7. <persName xmlns="http://www.tei-c.org/ns/1.0" xml:lang="ta">Perumpatumaṉār</persName>: <i xmlns="http://www.tei-c.org/ns/1.0">Onlookers</i></expan></witness><witness xml:id="KT17" source="KT17.xml"><abbr type="siglum">KT17</abbr><expan><title xmlns="http://www.tei-c.org/ns/1.0" xml:lang="ta">Kuṟuntokai</title> 17. <persName xmlns="http://www.tei-c.org/ns/1.0" xml:lang="ta">Pālaipāṭiya Peruṅkaṭuṅkō</persName>: <i xmlns="http://www.tei-c.org/ns/1.0">HE</i></expan></witness><witness xml:id="KT18" source="KT18.xml"><abbr type="siglum">KT18</abbr><expan><title xmlns="http://www.tei-c.org/ns/1.0" xml:lang="ta">Kuṟuntokai</title> 18. <persName xmlns="http://www.tei-c.org/ns/1.0" xml:lang="ta">Kapilar</persName>: <i xmlns="http://www.tei-c.org/ns/1.0">the confidante</i></expan></witness><witness xml:id="KT40" source="KT40.xml"><abbr type="siglum">KT40</abbr><expan><title xmlns="http://www.tei-c.org/ns/1.0" xml:lang="ta">Kuṟuntokai</title> 40. <persName xmlns="http://www.tei-c.org/ns/1.0" xml:lang="ta">Cempulappeyaṉīrār</persName>: <i xmlns="http://www.tei-c.org/ns/1.0">HE / SHE</i></expan></witness><witness xml:id="KT78" source="KT78.xml"><abbr type="siglum">KT78</abbr><expan><title xmlns="http://www.tei-c.org/ns/1.0" xml:lang="ta">Kuṟuntokai</title> 78. <persName xmlns="http://www.tei-c.org/ns/1.0" xml:lang="ta">Nakkīraṉa(ār)</persName>: <i xmlns="http://www.tei-c.org/ns/1.0">the companion</i></expan></witness><witness xml:id="KT88" source="KT88.xml"><abbr type="siglum">KT88</abbr><expan><title xmlns="http://www.tei-c.org/ns/1.0" xml:lang="ta">Kuṟuntokai</title> 88. <persName xmlns="http://www.tei-c.org/ns/1.0" xml:lang="ta">Maturaik Katakkaṇṇaṉ</persName>: <i xmlns="http://www.tei-c.org/ns/1.0">the confidante / SHE</i></expan></witness><witness xml:id="KT119" source="KT119.xml"><abbr type="siglum">KT119</abbr><expan><title xmlns="http://www.tei-c.org/ns/1.0" xml:lang="ta">Kuṟuntokai</title> 119. <persName xmlns="http://www.tei-c.org/ns/1.0" xml:lang="ta">Cattinātaṉār (Cattiṉātaṉār, Cattinākaṉār)</persName>: <i xmlns="http://www.tei-c.org/ns/1.0">HE</i></expan></witness><witness xml:id="KT130" source="KT130.xml"><abbr type="siglum">KT130</abbr><expan><title xmlns="http://www.tei-c.org/ns/1.0" xml:lang="ta">Kuṟuntokai</title> 130. <persName xmlns="http://www.tei-c.org/ns/1.0" xml:lang="ta">Veḷḷi Vīti(yār)</persName>: <i xmlns="http://www.tei-c.org/ns/1.0">the confidante / SHE</i></expan></witness><witness xml:id="KT149" source="KT149.xml"><abbr type="siglum">KT149</abbr><expan><title xmlns="http://www.tei-c.org/ns/1.0" xml:lang="ta">Kuṟuntokai</title> 149. <persName xmlns="http://www.tei-c.org/ns/1.0" xml:lang="ta">Veḷḷi Vītiyār</persName>: <i xmlns="http://www.tei-c.org/ns/1.0">SHE</i></expan></witness><witness xml:id="NAed" source="NAprint.xml"><abbr type="siglum">NAed</abbr><expan>NAprint</expan></witness><witness xml:id="TNV1937" source="TNV_1937.xml"><abbr type="siglum">TNV1937</abbr><expan>TNV 1937</expan></witness><witness xml:id="TNV1947" source="TNV1947.xml"><abbr type="siglum">TNV1947</abbr><expan>TNV print</expan><listWit><witness xml:id="TNV1947ac" n="ac"><abbr type="siglum">TNV1947ac</abbr><expan>TNV print [ante correctionem]</expan></witness><witness xml:id="TNV1947pc" n="pc"><abbr type="siglum">TNV1947pc</abbr><expan>TNV print [post correctionem]</expan></witness></listWit></witness><witness xml:id="TKn" source="TolNa.xml"><abbr type="siglum">TKn</abbr><expan>Tolkāppiyam Nacci</expan></witness><witness xml:id="TKp" source="TolPe.xml"><abbr type="siglum">TKp</abbr><expan>Tolkāppiyam Pēr</expan></witness><witness xml:id="TNVc" source="UVSL_48032.xml"><abbr type="siglum">TNVc</abbr><expan>Tamiḻneṟi Viḷakkam Paper</expan><listWit><witness xml:id="TNVcac" n="ac"><abbr type="siglum">TNVcac</abbr><expan>Tamiḻneṟi Viḷakkam Paper [ante correctionem]</expan></witness><witness xml:id="TNVcpc" n="pc"><abbr type="siglum">TNVcpc</abbr><expan>Tamiḻneṟi Viḷakkam Paper [post correctionem]</expan></witness></listWit></witness><witness xml:id="TNVms" source="UVSLMS000950.xml"><abbr type="siglum">TNVms</abbr><expan>Tamiḻneṟi Viḷakkam</expan><listWit><witness xml:id="TNVmsac" n="ac"><abbr type="siglum">TNVmsac</abbr><expan>Tamiḻneṟi Viḷakkam [ante correctionem]</expan></witness><witness xml:id="TNVmspc" n="pc"><abbr type="siglum">TNVmspc</abbr><expan>Tamiḻneṟi Viḷakkam [post correctionem]</expan></witness></listWit></witness><witness xml:id="YV1960a" source="YV1960.xml"><abbr type="siglum">YV1960a</abbr><expan>YV1960</expan></witness><witness xml:id="YV1960b" source="YV1960.xml"><abbr type="siglum">YV1960b</abbr><expan>YV1960</expan></witness></listWit>
    <encodingDesc>
      <editorialDecl>
        <normalization method="markup">
<ab>ignore punctuation</ab>
<ab>ignore long/short e</ab>
<ab>ignore long/short o</ab>
<ab>insert glide after back vowels</ab>
<ab>insert glide after front vowels</ab>
<ab>final -m sandhi variants</ab>
<ab>final -m elision</ab>
<ab>final -ṇ sandhi</ab>
<ab>final -ṉ sandhi</ab>
<ab>final -l sandhi</ab>
<ab>final -ḷ sandhi</ab>
<ab>ignore puḷḷi</ab>
<ab>remove spaces</ab>
        </normalization>
        <ab type="tagfilters">
<tag subtype="ignore">pc</tag>
<tag subtype="ignore">abbr</tag>
<tag subtype="ignore">corr</tag>
<tag subtype="ignore">ex</tag>
<tag subtype="ignore">head</tag>
<tag subtype="ignore">label</tag>
<tag subtype="ignore">note</tag>
<tag subtype="ignore">num</tag>
<tag subtype="ignore">locus</tag>
<tag subtype="ignore">metamark</tag>
<tag subtype="ignore">supplied</tag>
<tag subtype="ignore">surplus</tag>
        </ab>
      </editorialDecl>
    </encodingDesc>
    <xenoData>
      <stemma format="nexml" id="stemma0"><nex:nexml xmlns:nex="http://www.nexml.org/2009" version="0.9"><nex:otus id="otus1"><nex:otu id="otu0" label="Ed"/><nex:otu id="otu1" label="TNV1937"/><nex:otu id="otu2" label="TNV1947"/><nex:otu id="otu3" label="TNVc"/><nex:otu id="otu4" label="TNVms"/></nex:otus><nex:trees otus="otus1" id="trees1"><nex:tree xmlns:xsi="http://www.w3.org/2001/XMLSchema-instance" id="guidetree" label="guidetree" xsi:type="nex:FloatTree"><nex:node id="7b337783-6592-4a70-9cd3-33e77839738c" root="true"/><nex:node id="5f0badcf-1ac3-415f-8ec6-f82775bfc769"/><nex:node id="407bef84-5467-4fad-9b5b-f9897fb73735"/><nex:node id="7c158a23-8f19-4a96-8b15-127f33641159" label="Ed" otu="otu3"/><nex:node id="eb2b6850-3844-439e-8b9f-d8631d691bb4" label="TNV1937" otu="otu4"/><nex:node id="711285ca-7d8b-4bff-bfe1-e558b5b29d2d" label="TNV1947" otu="otu5"/><nex:node id="dd5c4d79-059f-4356-b397-29db69be68d1"/><nex:node id="52f10ce6-fd43-44de-a81c-a1d45850a989" label="TNVc" otu="otu7"/><nex:node id="1852fba0-75ea-47b8-83ce-ad6016a71ea0" label="TNVms" otu="otu8"/><nex:edge source="7b337783-6592-4a70-9cd3-33e77839738c" target="5f0badcf-1ac3-415f-8ec6-f82775bfc769" id="edge0" length="0.25"/><nex:edge source="7b337783-6592-4a70-9cd3-33e77839738c" target="dd5c4d79-059f-4356-b397-29db69be68d1" id="edge1" length="0.25"/><nex:edge source="5f0badcf-1ac3-415f-8ec6-f82775bfc769" target="407bef84-5467-4fad-9b5b-f9897fb73735" id="edge2" length="0"/><nex:edge source="5f0badcf-1ac3-415f-8ec6-f82775bfc769" target="711285ca-7d8b-4bff-bfe1-e558b5b29d2d" id="edge3" length="0.5"/><nex:edge source="dd5c4d79-059f-4356-b397-29db69be68d1" target="52f10ce6-fd43-44de-a81c-a1d45850a989" id="edge4" length="0.5"/><nex:edge source="dd5c4d79-059f-4356-b397-29db69be68d1" target="1852fba0-75ea-47b8-83ce-ad6016a71ea0" id="edge5" length="0.5"/><nex:edge source="407bef84-5467-4fad-9b5b-f9897fb73735" target="7c158a23-8f19-4a96-8b15-127f33641159" id="edge6" length="0"/><nex:edge source="407bef84-5467-4fad-9b5b-f9897fb73735" target="eb2b6850-3844-439e-8b9f-d8631d691bb4" id="edge7" length="0"/></nex:tree></nex:trees></nex:nexml></stemma>
    </xenoData>
  </teiHeader>
<TEI n="Ed"><text><cl><w n="0">e</w><w n="1">ṉ</w><w n="2" lemma="a"/><w n="3">p</w><w n="4">a</w><w n="5">t</w><w n="6" lemma="u">u </w></cl><cl><w n="7">v</w><w n="8" lemma="e">ē</w><w n="9">l</w><w n="10">a</w><w n="11">ṉ</w><w n="12">ai</w><w n="13">c</w><w n="14" lemma="a"> </w></cl><cl><w n="15">c</w><w n="16">e</w><w n="17">v</w><w n="18">i</w><w n="19">l</w><w n="20">i</w><w n="21">t</w><w n="22" lemma="a"> </w><w n="23">t</w><w n="24">ā</w><w n="25">y</w><w n="26" lemma="a"> </w></cl><cl><w n="27">v</w><w n="28">i</w><w n="29">ṉ</w><w n="30">ā</w><w n="31">y</w><w n="32">a</w><w n="33">t</w><w n="34" lemma="u">u.</w></cl></text></TEI><TEI n="TNV1937"><text><cl><w n="0">e</w><w n="1">ṉ</w><w n="2" lemma="a"/><w n="3">p</w><w n="4">a</w><w n="5">t</w><w n="6" lemma="u">u </w></cl><cl><w n="7">v</w><w n="8" lemma="e">ē</w><w n="9">l</w><w n="10">a</w><w n="11">ṉ</w><w n="12">ai</w><w n="13">c</w><w n="14" lemma="a"> </w></cl><cl><w n="15">c</w><w n="16">e</w><w n="17">v</w><w n="18">i</w><w n="19">l</w><w n="20">i</w><w n="21">t</w><w n="22" lemma="a"/><w n="23">t</w><w n="24">ā</w><w n="25">y</w><w n="26" lemma="a"> </w></cl><cl><w n="27">v</w><w n="28">i</w><w n="29">ṉ</w><w n="30">ā</w><w n="31">y</w><w n="32">a</w><w n="33">t</w><w n="34" lemma="u">u.</w></cl></text></TEI><TEI n="TNV1947"><text><cl><w n="0">e</w><w n="1">ṉ</w><w n="2" lemma="a"/><w n="3">p</w><w n="4">a</w><w n="5">t</w><w n="6" lemma="u">u </w></cl><cl><w n="7">v</w><w n="8" lemma="e">ē</w><w n="9">l</w><w n="10">a</w><w n="11">ṉ</w><w n="12">ai</w><w n="13">c</w><w n="14" lemma="a"> </w></cl><cl><w n="15">c</w><w n="16">e</w><w n="17">v</w><w n="18">i</w><w n="19">l</w><w n="20">i</w><w n="21">t</w><w n="22" lemma="a"/><w n="23">t</w><w n="24">ā</w><w n="25">y</w><w n="26" lemma="a"> </w></cl><cl><w n="27">v</w><w n="28">i</w><w n="29">ṉ</w><w n="30">ā</w><w n="31">y</w><w n="32">a</w><w n="33">t</w><w n="34" lemma="u">u.</w></cl></text></TEI><TEI n="TNVc"><text><cl><w n="0" lemma=""> </w><w n="1"/><w n="2"/><w n="3"/><w n="4"/><w n="5"/><w n="6"/></cl><cl><w n="7">v</w><w n="8" lemma="e">ē</w><w n="9">l</w><w n="10">a</w><w n="11">ṉ</w><w n="12">ai</w><w n="13">c</w><w n="14" lemma="a"> </w></cl><cl><w n="15">c</w><w n="16">e</w><w n="17">v</w><w n="18">i</w><w n="19">l</w><w n="20">i</w><w n="21">t</w><w n="22" lemma="a"/><w n="23">t</w><w n="24">ā</w><w n="25">y</w><w n="26" lemma="a"> </w></cl><cl><w n="27">v</w><w n="28">i</w><w n="29">ṉ</w><w n="30">ā</w><w n="31">y</w><w n="32">a</w><w n="33">t</w><w n="34" lemma="u">u.</w></cl></text></TEI><TEI n="TNVms"><text><cl><w n="0"/><w n="1"/><w n="2"/><w n="3"/><w n="4"/><w n="5"/><w n="6"/></cl><cl><w n="7">v</w><w n="8" lemma="e">ē</w><w n="9">l</w><w n="10">a</w><w n="11">ṉ</w><w n="12">ai</w><w n="13">c</w><w n="14" lemma="a"> </w></cl><cl><w n="15">c</w><w n="16">e</w><w n="17">v</w><w n="18">i</w><w n="19">l</w><w n="20">i</w><w n="21">t</w><w n="22" lemma="a"/><w n="23">t</w><w n="24">ā</w><w n="25">y</w><w n="26" lemma="a"> </w></cl><cl><w n="27">v</w><w n="28">i</w><w n="29">ṉ</w><w n="30">ā</w><w n="31">y</w><w n="32">a</w><w n="33">t</w><w n="34" lemma="u">u. </w></cl></text></TEI></teiCorpus>