<?xml version="1.0" encoding="UTF-8"?><teiCorpus xmlns="http://www.tei-c.org/ns/1.0" xml:lang="ta">
  <teiHeader>
<listWit><witness xml:id="Ed" source="TNV23ed.xml"><abbr type="siglum">Ed</abbr><expan><title xmlns="http://www.tei-c.org/ns/1.0" xml:lang="ta">Tamiḻneṟi Viḷakkam</title> 23.</expan></witness><witness xml:id="Aink382" source="Aink372.xml"><abbr type="siglum">Aink382</abbr><expan><title xmlns="http://www.tei-c.org/ns/1.0" xml:lang="ta">Aiṅkuṟunūṟu</title> 372. <persName xmlns="http://www.tei-c.org/ns/1.0" xml:lang="ta">Ōtalāntaiyār</persName></expan></witness><witness xml:id="Aink391" source="Aink391.xml"><abbr type="siglum">Aink391</abbr><expan><title xmlns="http://www.tei-c.org/ns/1.0" xml:lang="ta">Aiṅkuṟunūṟu</title> 391. <persName xmlns="http://www.tei-c.org/ns/1.0" xml:lang="ta">Ōtalāntaiyār</persName></expan></witness><witness xml:id="Aink393" source="Aink393.xml"><abbr type="siglum">Aink393</abbr><expan><title xmlns="http://www.tei-c.org/ns/1.0" xml:lang="ta">Aiṅkuṟunūṟu</title> 393. <persName xmlns="http://www.tei-c.org/ns/1.0" xml:lang="ta">Ōtalāntaiyār</persName></expan></witness><witness xml:id="Aink399" source="Aink399.xml"><abbr type="siglum">Aink399</abbr><expan><title xmlns="http://www.tei-c.org/ns/1.0" xml:lang="ta">Aiṅkuṟunūṟu</title> 399. <persName xmlns="http://www.tei-c.org/ns/1.0" xml:lang="ta">Ōtalāntaiyār</persName></expan></witness><witness xml:id="KKms" source="KKms.xml"><abbr type="siglum">KKms</abbr><expan>KKms</expan><listWit><witness xml:id="KKmsac" n="ac"><abbr type="siglum">KKmsac</abbr><expan>KKms [ante correctionem]</expan></witness><witness xml:id="KKmspc" n="pc"><abbr type="siglum">KKmspc</abbr><expan>KKms [post correctionem]</expan></witness></listWit></witness><witness xml:id="KKed" source="KKprint.xml"><abbr type="siglum">KKed</abbr><expan>KKprint</expan><listWit><witness xml:id="KKedac" n="ac"><abbr type="siglum">KKedac</abbr><expan>KKprint [ante correctionem]</expan></witness><witness xml:id="KKedpc" n="pc"><abbr type="siglum">KKedpc</abbr><expan>KKprint [post correctionem]</expan></witness></listWit></witness><witness xml:id="KT1" source="KT1.xml"><abbr type="siglum">KT1</abbr><expan><title xmlns="http://www.tei-c.org/ns/1.0" xml:lang="ta">Kuṟuntokai</title> 1. <persName xmlns="http://www.tei-c.org/ns/1.0" xml:lang="ta">Tīpputtōḷār
          
        </persName></expan></witness><witness xml:id="KT2" source="KT2.xml"><abbr type="siglum">KT2</abbr><expan><title xmlns="http://www.tei-c.org/ns/1.0" xml:lang="ta">Kuṟuntokai</title> 2. <persName xmlns="http://www.tei-c.org/ns/1.0" xml:lang="ta">Iṟaiyaṉār</persName>: <i xmlns="http://www.tei-c.org/ns/1.0">HE</i></expan><listWit><witness xml:id="KT2-C2" select="#C2"><abbr type="siglum">KT2-C2</abbr><expan><title xmlns="http://www.tei-c.org/ns/1.0" xml:lang="ta">Kuṟuntokai</title> 2. <persName xmlns="http://www.tei-c.org/ns/1.0" xml:lang="ta">Iṟaiyaṉār</persName>: <i xmlns="http://www.tei-c.org/ns/1.0">HE</i> [witness C2]</expan></witness></listWit></witness><witness xml:id="KT7" source="KT7.xml"><abbr type="siglum">KT7</abbr><expan><title xmlns="http://www.tei-c.org/ns/1.0" xml:lang="ta">Kuṟuntokai</title> 7. <persName xmlns="http://www.tei-c.org/ns/1.0" xml:lang="ta">Perumpatumaṉār</persName>: <i xmlns="http://www.tei-c.org/ns/1.0">Onlookers</i></expan></witness><witness xml:id="KT17" source="KT17.xml"><abbr type="siglum">KT17</abbr><expan><title xmlns="http://www.tei-c.org/ns/1.0" xml:lang="ta">Kuṟuntokai</title> 17. <persName xmlns="http://www.tei-c.org/ns/1.0" xml:lang="ta">Pālaipāṭiya Peruṅkaṭuṅkō</persName>: <i xmlns="http://www.tei-c.org/ns/1.0">HE</i></expan></witness><witness xml:id="KT18" source="KT18.xml"><abbr type="siglum">KT18</abbr><expan><title xmlns="http://www.tei-c.org/ns/1.0" xml:lang="ta">Kuṟuntokai</title> 18. <persName xmlns="http://www.tei-c.org/ns/1.0" xml:lang="ta">Kapilar</persName>: <i xmlns="http://www.tei-c.org/ns/1.0">the confidante</i></expan></witness><witness xml:id="KT40" source="KT40.xml"><abbr type="siglum">KT40</abbr><expan><title xmlns="http://www.tei-c.org/ns/1.0" xml:lang="ta">Kuṟuntokai</title> 40. <persName xmlns="http://www.tei-c.org/ns/1.0" xml:lang="ta">Cempulappeyaṉīrār</persName>: <i xmlns="http://www.tei-c.org/ns/1.0">HE / SHE</i></expan></witness><witness xml:id="KT78" source="KT78.xml"><abbr type="siglum">KT78</abbr><expan><title xmlns="http://www.tei-c.org/ns/1.0" xml:lang="ta">Kuṟuntokai</title> 78. <persName xmlns="http://www.tei-c.org/ns/1.0" xml:lang="ta">Nakkīraṉa(ār)</persName>: <i xmlns="http://www.tei-c.org/ns/1.0">the companion</i></expan></witness><witness xml:id="KT88" source="KT88.xml"><abbr type="siglum">KT88</abbr><expan><title xmlns="http://www.tei-c.org/ns/1.0" xml:lang="ta">Kuṟuntokai</title> 88. <persName xmlns="http://www.tei-c.org/ns/1.0" xml:lang="ta">Maturaik Katakkaṇṇaṉ</persName>: <i xmlns="http://www.tei-c.org/ns/1.0">the confidante / SHE</i></expan></witness><witness xml:id="KT119" source="KT119.xml"><abbr type="siglum">KT119</abbr><expan><title xmlns="http://www.tei-c.org/ns/1.0" xml:lang="ta">Kuṟuntokai</title> 119. <persName xmlns="http://www.tei-c.org/ns/1.0" xml:lang="ta">Cattinātaṉār (Cattiṉātaṉār, Cattinākaṉār)</persName>: <i xmlns="http://www.tei-c.org/ns/1.0">HE</i></expan></witness><witness xml:id="KT130" source="KT130.xml"><abbr type="siglum">KT130</abbr><expan><title xmlns="http://www.tei-c.org/ns/1.0" xml:lang="ta">Kuṟuntokai</title> 130. <persName xmlns="http://www.tei-c.org/ns/1.0" xml:lang="ta">Veḷḷi Vīti(yār)</persName>: <i xmlns="http://www.tei-c.org/ns/1.0">the confidante / SHE</i></expan></witness><witness xml:id="KT149" source="KT149.xml"><abbr type="siglum">KT149</abbr><expan><title xmlns="http://www.tei-c.org/ns/1.0" xml:lang="ta">Kuṟuntokai</title> 149. <persName xmlns="http://www.tei-c.org/ns/1.0" xml:lang="ta">Veḷḷi Vītiyār</persName>: <i xmlns="http://www.tei-c.org/ns/1.0">SHE</i></expan></witness><witness xml:id="NAed" source="NAprint.xml"><abbr type="siglum">NAed</abbr><expan>NAprint</expan></witness><witness xml:id="TNV1937" source="TNV_1937.xml"><abbr type="siglum">TNV1937</abbr><expan>TNV 1937</expan></witness><witness xml:id="TNV1947" source="TNV1947.xml"><abbr type="siglum">TNV1947</abbr><expan>TNV print</expan><listWit><witness xml:id="TNV1947ac" n="ac"><abbr type="siglum">TNV1947ac</abbr><expan>TNV print [ante correctionem]</expan></witness><witness xml:id="TNV1947pc" n="pc"><abbr type="siglum">TNV1947pc</abbr><expan>TNV print [post correctionem]</expan></witness></listWit></witness><witness xml:id="TKn" source="TolNa.xml"><abbr type="siglum">TKn</abbr><expan>Tolkāppiyam Nacci</expan></witness><witness xml:id="TKp" source="TolPe.xml"><abbr type="siglum">TKp</abbr><expan>Tolkāppiyam Pēr</expan></witness><witness xml:id="TNVc" source="UVSL_48032.xml"><abbr type="siglum">TNVc</abbr><expan>Tamiḻneṟi Viḷakkam Paper</expan><listWit><witness xml:id="TNVcac" n="ac"><abbr type="siglum">TNVcac</abbr><expan>Tamiḻneṟi Viḷakkam Paper [ante correctionem]</expan></witness><witness xml:id="TNVcpc" n="pc"><abbr type="siglum">TNVcpc</abbr><expan>Tamiḻneṟi Viḷakkam Paper [post correctionem]</expan></witness></listWit></witness><witness xml:id="TNVms" source="UVSLMS000950.xml"><abbr type="siglum">TNVms</abbr><expan>Tamiḻneṟi Viḷakkam</expan><listWit><witness xml:id="TNVmsac" n="ac"><abbr type="siglum">TNVmsac</abbr><expan>Tamiḻneṟi Viḷakkam [ante correctionem]</expan></witness><witness xml:id="TNVmspc" n="pc"><abbr type="siglum">TNVmspc</abbr><expan>Tamiḻneṟi Viḷakkam [post correctionem]</expan></witness></listWit></witness><witness xml:id="YV1960a" source="YV1960.xml"><abbr type="siglum">YV1960a</abbr><expan>YV1960</expan></witness><witness xml:id="YV1960b" source="YV1960.xml"><abbr type="siglum">YV1960b</abbr><expan>YV1960</expan></witness></listWit>
    <encodingDesc>
      <editorialDecl>
        <normalization method="markup">
<ab>ignore punctuation</ab>
<ab>ignore long/short e</ab>
<ab>ignore long/short o</ab>
<ab>insert glide after back vowels</ab>
<ab>insert glide after front vowels</ab>
<ab>final -m sandhi variants</ab>
<ab>final -m elision</ab>
<ab>final -ṇ sandhi</ab>
<ab>final -ṉ sandhi</ab>
<ab>final -l sandhi</ab>
<ab>final -ḷ sandhi</ab>
<ab>ignore puḷḷi</ab>
<ab>remove spaces</ab>
        </normalization>
        <ab type="tagfilters">
<tag subtype="ignore">pc</tag>
<tag subtype="ignore">abbr</tag>
<tag subtype="ignore">corr</tag>
<tag subtype="ignore">ex</tag>
<tag subtype="ignore">head</tag>
<tag subtype="ignore">label</tag>
<tag subtype="ignore">note</tag>
<tag subtype="ignore">num</tag>
<tag subtype="ignore">locus</tag>
<tag subtype="ignore">metamark</tag>
<tag subtype="ignore">supplied</tag>
<tag subtype="ignore">surplus</tag>
        </ab>
      </editorialDecl>
    </encodingDesc>
    <xenoData>
      <stemma format="nexml" id="stemma0"><nex:nexml xmlns:nex="http://www.nexml.org/2009" version="0.9"><nex:otus id="otus1"><nex:otu id="otu0" label="Ed"/><nex:otu id="otu1" label="TNV1937"/><nex:otu id="otu2" label="TNV1947"/><nex:otu id="otu3" label="TNVmsac"/><nex:otu id="otu4" label="TNVc"/><nex:otu id="otu5" label="TNVmspc"/></nex:otus><nex:trees otus="otus1" id="trees1"><nex:tree xmlns:xsi="http://www.w3.org/2001/XMLSchema-instance" id="guidetree" label="guidetree" xsi:type="nex:FloatTree"><nex:node id="f0ddaa12-6bef-46c7-9df5-ac77015ea67d" root="true"/><nex:node id="3ce79447-0dfb-43be-9aa1-26cd9cb8c35a"/><nex:node id="32cb7e33-20e3-4f1d-b1fc-8eb400f67070"/><nex:node id="2698911b-9a44-4c4f-8ded-371b247d9f72" label="Ed" otu="otu3"/><nex:node id="5077ab1d-5f24-42fa-a976-c72fdaaedabf" label="TNV1937" otu="otu4"/><nex:node id="782c6835-0c50-45c6-885a-7e69a74e4f12" label="TNV1947" otu="otu5"/><nex:node id="faec8388-bae5-4132-9b3a-5b3da2b0a47c"/><nex:node id="03a96fa9-7789-479b-8a7f-57637d7f7fc5" label="TNVmsac" otu="otu7"/><nex:node id="e6c5cb45-2a74-48ef-b6c4-7f65047d82d2"/><nex:node id="fcef43d3-0a78-4710-8156-76b19303c72b" label="TNVc" otu="otu9"/><nex:node id="13534ee0-450a-4166-ab6c-e154110c1176" label="TNVmspc" otu="otu10"/><nex:edge source="f0ddaa12-6bef-46c7-9df5-ac77015ea67d" target="3ce79447-0dfb-43be-9aa1-26cd9cb8c35a" id="edge0" length="0.20417879378643844"/><nex:edge source="f0ddaa12-6bef-46c7-9df5-ac77015ea67d" target="faec8388-bae5-4132-9b3a-5b3da2b0a47c" id="edge1" length="0.20417879378643844"/><nex:edge source="3ce79447-0dfb-43be-9aa1-26cd9cb8c35a" target="32cb7e33-20e3-4f1d-b1fc-8eb400f67070" id="edge2" length="0"/><nex:edge source="3ce79447-0dfb-43be-9aa1-26cd9cb8c35a" target="782c6835-0c50-45c6-885a-7e69a74e4f12" id="edge3" length="0.5"/><nex:edge source="faec8388-bae5-4132-9b3a-5b3da2b0a47c" target="03a96fa9-7789-479b-8a7f-57637d7f7fc5" id="edge4" length="0.6749757457604565"/><nex:edge source="faec8388-bae5-4132-9b3a-5b3da2b0a47c" target="e6c5cb45-2a74-48ef-b6c4-7f65047d82d2" id="edge5" length="0.3250242542395435"/><nex:edge source="32cb7e33-20e3-4f1d-b1fc-8eb400f67070" target="2698911b-9a44-4c4f-8ded-371b247d9f72" id="edge6" length="0"/><nex:edge source="32cb7e33-20e3-4f1d-b1fc-8eb400f67070" target="5077ab1d-5f24-42fa-a976-c72fdaaedabf" id="edge7" length="0"/><nex:edge source="e6c5cb45-2a74-48ef-b6c4-7f65047d82d2" target="fcef43d3-0a78-4710-8156-76b19303c72b" id="edge8" length="0"/><nex:edge source="e6c5cb45-2a74-48ef-b6c4-7f65047d82d2" target="13534ee0-450a-4166-ab6c-e154110c1176" id="edge9" length="0"/></nex:tree></nex:trees></nex:nexml></stemma>
    </xenoData>
  </teiHeader>
<TEI n="Ed"><text><cl><w n="0">e</w><w n="1">ṉ</w><w n="2" lemma="a"/><w n="3">p</w><w n="4">a</w><w n="5">t</w><w n="6" lemma="u">u </w></cl><cl><w n="7">c</w><w n="8">e</w><w n="9">v</w><w n="10">i</w><w n="11">l</w><w n="12">i</w><w n="13">t</w><w n="14" lemma="a"> </w><w n="15">t</w><w n="16">ā</w><w n="17">y</w><w n="18" lemma="a"> </w></cl><cl><w n="19">n</w><w n="20">a</w><w n="21">ṟ</w><w n="22" lemma="a"/><w n="23">ṟ</w><w n="24">ā</w><w n="25">y</w><w n="26">a</w><w n="27">k</w><w n="28" lemma="a"/><w n="29">k</w><w n="30">u</w><w n="31"/><w n="32"/><w n="33">c</w><w n="34" lemma="a"> </w></cl><cl><w n="35">c</w><w n="36">o</w><w n="37">l</w><w n="38" lemma="a"/><w n="39">l</w><w n="40">i</w><w n="41">y</w><w n="42">a</w><w n="43">t</w><w n="44" lemma="u">u.</w></cl></text></TEI><TEI n="TNV1937"><text><cl><w n="0">e</w><w n="1">ṉ</w><w n="2" lemma="a"/><w n="3">p</w><w n="4">a</w><w n="5">t</w><w n="6" lemma="u">u </w></cl><cl><w n="7">c</w><w n="8">e</w><w n="9">v</w><w n="10">i</w><w n="11">l</w><w n="12">i</w><w n="13">t</w><w n="14" lemma="a"/><w n="15">t</w><w n="16">ā</w><w n="17">y</w><w n="18" lemma="a"> </w></cl><cl><w n="19">n</w><w n="20">a</w><w n="21">ṟ</w><w n="22" lemma="a"/><w n="23">ṟ</w><w n="24">ā</w><w n="25">y</w><w n="26">a</w><w n="27">k</w><w n="28" lemma="a"/><w n="29">k</w><w n="30">u</w><w n="31"/><w n="32"/><w n="33">c</w><w n="34" lemma="a"> </w></cl><cl><w n="35">c</w><w n="36">o</w><w n="37">l</w><w n="38" lemma="a"/><w n="39">l</w><w n="40">i</w><w n="41">y</w><w n="42">a</w><w n="43">t</w><w n="44" lemma="u">u.</w></cl></text></TEI><TEI n="TNV1947"><text><cl><w n="0">e</w><w n="1">ṉ</w><w n="2" lemma="a"/><w n="3">p</w><w n="4">a</w><w n="5">t</w><w n="6" lemma="u">u </w></cl><cl><w n="7">c</w><w n="8">e</w><w n="9">v</w><w n="10">i</w><w n="11">l</w><w n="12">i</w><w n="13">t</w><w n="14" lemma="a"/><w n="15">t</w><w n="16">ā</w><w n="17">y</w><w n="18" lemma="a"> </w></cl><cl><w n="19">n</w><w n="20">a</w><w n="21">ṟ</w><w n="22" lemma="a"/><w n="23">ṟ</w><w n="24">ā</w><w n="25">y</w><w n="26">a</w><w n="27">k</w><w n="28" lemma="a"/><w n="29">k</w><w n="30">u</w><w n="31"/><w n="32"/><w n="33">c</w><w n="34" lemma="a"> </w></cl><cl><w n="35">c</w><w n="36">o</w><w n="37">l</w><w n="38" lemma="a"/><w n="39">l</w><w n="40">i</w><w n="41">y</w><w n="42">a</w><w n="43">t</w><w n="44" lemma="u">u.</w></cl></text></TEI><TEI n="TNVmsac"><text><cl><w n="0"/><w n="1"/><w n="2"/><w n="3"/><w n="4"/><w n="5"/><w n="6"/></cl><cl><w n="7">c</w><w n="8">e</w><w n="9">v</w><w n="10">i</w><w n="11">l</w><w n="12">i</w><w n="13">t</w><w n="14" lemma="a"/><w n="15">t</w><w n="16">ā</w><w n="17">y</w><w n="18" lemma="a"> </w></cl><cl><w n="19">n</w><w n="20">a</w><w n="21">ṟ</w><w n="22" lemma="a"/><w n="23">ṟ</w><w n="24">ā</w><w n="25">y</w><w n="26">a</w><w n="27">k</w><w n="28" lemma="a"/><w n="29">k</w><w n="30">u</w><w n="31">k</w><w n="32" lemma="a"/><w n="33">c</w><w n="34" lemma="a"> </w></cl><cl><w n="35">c</w><w n="36">o</w><w n="37">l</w><w n="38" lemma="a"/><w n="39">l</w><w n="40">i</w><w n="41">y</w><w n="42">a</w><w n="43">t</w><w n="44" lemma="u">u. </w></cl></text></TEI><TEI n="TNVc"><text><cl><w n="0" lemma=""> </w><w n="1"/><w n="2"/><w n="3"/><w n="4"/><w n="5"/><w n="6"/></cl><cl><w n="7">c</w><w n="8">e</w><w n="9">v</w><w n="10">i</w><w n="11">l</w><w n="12">i</w><w n="13">t</w><w n="14" lemma="a"/><w n="15">t</w><w n="16">ā</w><w n="17">y</w><w n="18" lemma="a"> </w></cl><cl><w n="19">n</w><w n="20">a</w><w n="21">ṟ</w><w n="22" lemma="a"/><w n="23">ṟ</w><w n="24">ā</w><w n="25">y</w><w n="26">a</w><w n="27">k</w><w n="28" lemma="a"/><w n="29">k</w><w n="30">u</w><w n="31"/><w n="32"/><w n="33">c</w><w n="34" lemma="a"> </w></cl><cl><w n="35">c</w><w n="36">o</w><w n="37">l</w><w n="38" lemma="a"/><w n="39">l</w><w n="40">i</w><w n="41">y</w><w n="42">a</w><w n="43">t</w><w n="44" lemma="u">u.</w></cl></text></TEI><TEI n="TNVmspc"><text><cl><w n="0"/><w n="1"/><w n="2"/><w n="3"/><w n="4"/><w n="5"/><w n="6"/></cl><cl><w n="7">c</w><w n="8">e</w><w n="9">v</w><w n="10">i</w><w n="11">l</w><w n="12">i</w><w n="13">t</w><w n="14" lemma="a"/><w n="15">t</w><w n="16">ā</w><w n="17">y</w><w n="18" lemma="a"> </w></cl><cl><w n="19">n</w><w n="20">a</w><w n="21">ṟ</w><w n="22" lemma="a"/><w n="23">ṟ</w><w n="24">ā</w><w n="25">y</w><w n="26">a</w><w n="27">k</w><w n="28" lemma="a"/><w n="29">k</w><w n="30">u</w><w n="31"/><w n="32"/><w n="33">c</w><w n="34" lemma="a"> </w></cl><cl><w n="35">c</w><w n="36">o</w><w n="37">l</w><w n="38" lemma="a"/><w n="39">l</w><w n="40">i</w><w n="41">y</w><w n="42">a</w><w n="43">t</w><w n="44" lemma="u">u. </w></cl></text></TEI></teiCorpus>